pq1,pq2,pq3,pq4,pq5,pq6,pq7,pq8,pq9,pq10,pq11,pq12,pq13,pq14,pq15,tq1,tq2,tq3,tq4,tq5,tq6,tq7,tq8,tq9,tq10,tq11,tq12,tq13,tq14,tq15,target
0,0,0,0,0,0,0,0,0,0,0,0,0,0,0,0,0,0,0,0,0,0,0,0,0,0,0,0,0,0,0
1,1,1,1,1,1,1,1,1,1,1,1,1,1,1,1,1,1,1,1,1,1,1,1,1,1,1,1,1,1,1
0,1,0,0,0,0,1,0,0,0,0,1,0,0,0,1,1,1,0,0,0,1,0,0,0,0,0,1,0,1,0
1,1,0,0,0,1,1,0,1,1,0,0,1,1,1,1,1,0,0,1,0,1,0,1,0,1,0,1,1,1,0
1,0,0,1,1,0,1,1,0,1,1,0,0,1,1,0,0,1,0,0,0,1,0,1,0,1,0,0,1,0,0
1,0,0,1,1,1,0,0,0,1,0,0,1,1,0,0,1,0,1,1,1,1,0,1,0,1,1,0,0,0,0
1,1,1,1,1,1,1,1,0,1,1,0,0,0,1,1,0,0,1,0,1,0,1,0,0,1,0,0,1,0,0
1,0,0,1,1,0,1,0,0,1,0,1,1,1,1,0,1,0,0,1,0,0,1,1,1,1,0,0,1,1,0
1,1,1,1,0,0,1,0,0,0,0,1,1,1,1,0,0,1,1,0,1,0,1,0,0,0,1,1,0,0,0
0,0,0,1,1,0,0,1,1,0,0,0,1,1,0,0,1,1,0,0,0,1,0,0,1,1,0,0,0,0,0
0,1,0,0,1,0,1,1,1,1,1,0,1,0,0,1,1,1,0,0,0,0,0,0,0,0,0,0,0,1,0
1,0,1,1,1,0,1,1,0,1,1,0,0,1,0,1,1,1,1,1,1,0,1,1,0,1,1,1,0,0,1
1,1,1,1,0,0,0,0,1,1,0,0,0,0,1,1,0,1,1,1,1,0,1,0,0,0,0,0,0,1,0
0,1,1,1,1,1,1,0,0,0,0,0,1,1,0,1,0,1,1,0,0,0,1,0,0,1,0,1,1,0,0
0,1,0,1,0,0,0,0,0,0,0,0,1,0,1,0,1,0,0,0,0,0,1,0,1,0,1,0,1,1,0
0,0,1,0,0,1,1,1,1,0,1,1,1,1,1,0,1,1,0,0,1,0,1,1,1,1,1,0,1,0,1
0,0,1,0,1,0,1,1,0,0,1,1,1,1,1,0,0,0,1,0,1,0,0,0,1,0,0,1,0,0,0
1,1,1,1,0,1,0,1,0,0,0,1,1,1,1,0,1,0,0,0,0,0,1,0,1,1,0,1,0,0,0
0,1,1,0,1,1,1,0,1,1,0,1,0,0,1,1,0,0,1,0,1,1,0,0,0,0,0,0,0,0,0
1,0,0,0,0,1,1,0,0,0,0,1,1,1,0,0,1,0,0,1,1,0,1,0,1,1,1,1,1,0,0
1,0,0,1,1,1,1,0,0,0,0,1,0,1,0,0,0,0,1,0,1,1,0,1,0,1,0,1,1,0,0
1,1,0,0,0,1,1,1,0,1,1,1,1,1,0,1,0,0,0,0,0,1,0,1,0,0,0,0,1,1,0
0,0,0,0,1,1,1,0,0,0,0,1,0,1,0,0,1,0,1,1,1,1,0,0,0,1,0,0,0,1,0
0,0,1,0,1,1,1,1,1,0,1,0,0,0,1,0,1,0,1,1,0,1,0,1,0,1,0,1,0,0,0
1,1,1,1,0,1,1,1,1,0,1,0,1,0,1,0,0,1,0,0,0,1,1,0,0,1,0,1,1,0,0
1,0,1,0,1,1,0,0,0,0,1,1,1,0,0,1,1,1,1,1,1,1,1,1,1,1,1,1,0,0,0
0,0,1,1,0,1,0,1,1,1,1,1,1,1,0,1,0,0,0,1,1,1,1,1,1,1,1,0,1,1,1
0,1,1,0,1,1,0,1,1,1,0,0,0,1,0,1,0,1,0,1,0,0,0,1,0,0,0,0,0,0,0
0,1,1,1,1,0,0,0,0,1,1,0,1,1,0,0,0,0,0,0,0,0,1,1,0,0,1,0,0,1,0
0,0,1,0,1,0,0,1,0,0,1,1,1,1,0,1,1,1,1,1,1,1,0,1,0,1,1,0,0,1,0
0,1,1,0,0,1,0,0,1,1,0,1,1,1,0,0,0,0,1,0,1,1,1,0,1,0,1,0,1,0,0
0,0,0,0,0,0,0,1,1,1,1,0,1,0,0,0,1,1,0,0,0,0,0,0,0,0,1,0,1,0,0
0,0,0,1,1,0,1,0,0,1,0,1,1,0,0,0,0,0,1,1,1,1,1,1,1,0,1,1,0,1,0
0,1,0,0,0,0,1,1,0,0,1,1,0,1,0,0,0,0,0,1,0,1,0,0,1,0,1,1,1,1,0
0,0,0,0,0,1,1,0,1,1,0,1,0,0,0,1,0,0,0,1,0,0,0,1,1,0,0,0,0,0,0
1,0,1,1,1,0,0,1,1,1,1,0,0,1,1,0,0,0,0,1,1,1,0,0,1,1,1,1,1,0,0
0,1,1,1,1,0,0,1,0,1,0,1,1,1,0,0,0,0,0,0,0,0,0,0,0,0,0,0,0,0,0
0,0,1,1,0,0,1,0,0,0,1,0,1,1,0,1,1,1,0,1,1,0,0,1,1,1,0,1,0,0,0
0,0,0,1,0,1,0,1,0,1,1,0,0,1,1,0,0,1,0,1,1,0,1,1,0,0,0,1,1,1,0
1,0,1,1,0,0,1,0,1,1,0,0,0,0,0,1,0,0,1,0,0,0,1,1,0,0,0,0,1,0,0
1,0,1,0,1,0,0,1,1,1,1,1,1,0,1,0,0,1,0,1,0,0,0,0,1,1,1,1,1,0,0
0,1,1,1,1,0,1,1,1,0,0,1,1,1,0,0,1,1,1,0,0,0,0,0,0,0,1,1,1,1,0
1,0,1,0,0,1,1,1,0,1,0,0,1,0,1,1,0,1,0,0,0,1,0,1,0,0,1,0,0,0,0
1,1,1,0,1,0,0,0,1,0,1,0,0,0,0,1,1,1,1,1,0,1,0,0,1,1,1,1,1,0,0
0,1,0,1,1,1,1,1,0,0,0,0,1,0,1,0,1,0,1,0,0,0,1,0,0,1,1,1,0,1,0
0,1,1,0,0,0,0,0,1,1,0,0,1,0,1,1,1,1,0,1,1,1,0,1,1,1,1,1,1,0,0
0,1,0,1,0,0,0,1,0,0,1,0,1,1,1,1,0,1,1,1,0,1,1,0,0,0,0,1,0,0,0
0,1,1,0,1,0,1,1,0,1,1,1,0,0,1,0,0,1,1,0,0,1,1,0,0,1,0,0,1,0,0
0,1,1,0,1,0,0,1,0,1,0,1,0,1,0,1,0,1,0,1,1,1,1,1,1,1,0,1,0,1,0
1,0,1,1,0,0,1,1,0,1,1,0,0,1,0,1,0,1,1,1,1,1,1,1,0,1,1,1,1,0,0
1,1,1,0,0,0,1,1,1,1,1,0,0,0,1,1,1,0,0,0,0,1,0,0,0,0,1,0,1,0,0
0,1,0,0,0,1,1,0,0,0,0,0,0,1,1,0,1,0,1,0,0,1,1,0,1,1,0,1,0,0,0
1,1,1,1,0,0,1,1,0,0,0,0,0,1,1,0,1,1,0,0,0,1,0,0,0,1,1,0,0,0,0
1,0,0,0,1,1,1,0,0,0,0,1,0,0,0,0,1,0,1,1,0,0,0,0,1,0,0,0,1,0,0
0,0,0,1,1,0,0,1,0,1,0,0,1,1,0,1,0,0,1,0,0,0,0,1,1,1,1,0,1,1,0
0,1,0,0,0,1,0,0,1,0,1,0,1,0,0,0,0,0,1,0,0,0,0,0,1,0,1,0,1,0,0
1,1,0,1,0,1,1,0,1,0,1,1,0,0,1,0,1,1,1,1,0,0,1,0,0,0,1,0,1,1,0
0,0,1,1,0,1,0,0,0,1,0,0,1,1,0,1,0,1,1,1,1,0,1,1,1,0,1,0,1,0,0
0,0,0,0,0,1,1,1,0,1,0,0,0,1,1,1,1,0,0,1,0,1,0,1,1,1,1,0,1,0,0
1,1,1,1,1,1,1,1,0,1,1,0,0,0,0,1,1,1,1,1,1,1,1,0,1,0,0,0,1,1,1
0,1,1,1,1,1,1,1,1,1,0,1,0,0,1,0,0,0,1,0,0,1,1,1,1,1,1,1,0,1,1
0,1,1,0,0,1,0,1,0,1,0,0,0,0,0,0,1,1,1,0,1,0,1,0,1,1,0,1,0,1,0
0,1,1,0,0,1,0,0,0,1,0,1,1,1,0,0,1,0,1,0,1,0,0,0,1,0,1,1,1,1,0
1,0,0,1,0,1,0,0,0,0,0,0,1,1,0,0,1,0,1,0,0,0,0,1,0,1,0,1,1,1,0
1,1,1,0,0,0,1,1,0,1,1,1,1,1,0,0,0,0,0,0,0,1,0,1,0,1,1,1,0,1,0
0,1,1,0,0,0,1,1,0,0,0,1,1,1,1,1,1,1,1,0,1,1,1,0,0,1,1,1,0,1,0
0,0,0,0,1,1,1,1,1,0,0,0,0,0,0,0,0,1,0,1,1,1,1,0,0,1,1,0,0,0,0
0,1,1,1,1,1,1,0,0,1,1,0,0,0,1,1,1,1,0,1,1,0,1,0,0,0,1,0,0,1,0
0,0,0,0,0,0,1,1,1,1,1,0,0,0,0,1,0,1,1,0,1,1,1,1,0,0,0,0,0,1,0
1,0,1,1,0,1,0,1,1,1,1,1,1,1,0,1,1,1,0,0,0,0,0,0,1,1,0,1,0,0,0
1,0,1,1,0,1,0,1,1,1,1,1,0,1,0,1,1,0,0,1,1,0,1,0,1,1,1,1,0,1,1
0,1,0,0,1,1,0,0,0,0,1,0,1,1,1,0,0,1,0,0,1,1,1,0,0,0,1,0,1,0,0
0,0,0,1,0,1,1,1,0,0,1,0,0,1,1,0,0,0,0,1,0,1,1,1,1,1,0,0,1,1,0
0,1,1,1,0,0,0,0,1,0,0,0,1,1,0,1,0,0,1,1,0,0,0,1,1,1,1,1,0,1,0
1,0,0,1,0,1,1,1,0,0,1,0,1,0,0,1,1,1,1,0,0,0,0,0,1,0,1,1,1,0,0
1,0,1,1,0,1,0,1,0,0,1,0,1,1,0,1,0,1,1,1,1,1,1,0,1,0,1,1,1,0,0
0,0,1,0,1,0,1,1,0,0,0,1,0,0,0,1,0,1,1,1,1,0,0,0,0,0,1,1,1,0,0
1,1,1,1,0,1,1,0,1,0,1,1,1,1,0,1,1,0,1,0,0,0,1,1,0,1,1,0,1,0,0
1,1,0,1,0,1,0,0,0,1,0,0,1,1,0,0,1,0,0,0,0,1,0,1,1,1,1,1,0,1,0
1,1,0,0,0,1,1,0,1,1,0,1,1,1,0,1,0,0,1,0,1,1,1,1,1,0,1,1,0,0,0
0,0,0,1,1,1,1,1,0,1,0,1,0,1,1,0,1,1,1,0,0,1,1,0,0,1,1,1,0,0,0
1,1,1,1,1,1,1,1,0,1,1,0,0,0,0,0,0,0,1,1,1,1,0,1,0,1,1,0,0,0,0
0,1,1,0,0,0,1,0,1,0,1,1,0,0,1,1,1,1,1,0,1,0,1,1,1,0,0,0,1,1,0
0,0,0,0,0,0,1,0,1,1,0,0,1,0,1,0,1,0,1,1,1,0,1,1,0,0,1,0,0,1,0
0,1,0,0,0,1,0,0,1,0,1,1,0,0,0,1,0,1,0,1,0,1,0,0,1,0,1,1,0,0,0
0,1,0,1,1,0,0,1,1,1,0,0,1,0,1,1,0,1,1,1,1,0,0,1,0,1,0,0,0,0,0
0,1,0,0,1,1,1,0,1,0,1,1,0,1,1,1,1,1,1,1,1,0,0,0,0,0,0,0,1,1,0
1,1,0,1,1,0,1,1,1,0,1,0,0,1,0,1,0,0,1,1,1,1,0,0,0,1,1,0,1,1,0
0,0,0,1,1,0,1,0,1,0,0,0,1,0,0,0,0,0,0,1,1,0,0,0,0,0,1,1,0,1,0
0,0,0,0,0,0,1,1,1,0,1,1,0,1,1,1,1,1,1,1,0,1,0,1,1,1,1,1,1,1,0
1,1,0,1,0,0,0,0,1,0,0,0,0,1,1,0,0,0,1,1,1,0,1,0,0,0,1,0,1,1,0
1,1,1,1,0,0,1,0,1,0,1,0,1,1,1,0,0,1,0,1,0,1,0,1,0,0,1,0,1,0,0
1,1,0,1,1,0,0,1,1,0,0,0,0,1,1,1,1,1,1,0,0,1,1,1,0,1,1,1,1,1,0
0,1,0,1,0,0,0,1,0,1,0,0,0,1,1,0,0,0,0,1,0,0,0,0,1,1,1,0,0,0,0
0,1,0,0,0,1,0,0,1,1,0,1,1,0,0,0,1,0,1,0,1,1,1,1,1,1,1,0,1,1,0
1,0,0,1,1,1,0,1,0,0,1,1,0,0,1,0,0,0,1,0,0,0,0,0,1,1,0,1,1,0,0
1,1,0,1,1,0,1,1,1,0,1,1,1,1,1,1,0,0,0,1,0,1,1,1,0,1,1,0,0,1,0
0,0,0,1,0,0,0,1,1,1,0,1,0,1,1,1,0,1,0,0,1,1,0,1,0,1,0,0,1,0,0
0,1,1,0,0,1,0,0,0,1,1,1,1,0,0,0,1,0,0,0,1,0,1,0,0,1,1,0,1,0,0
1,1,1,0,0,0,1,0,1,1,0,1,1,0,1,1,0,1,0,1,1,1,1,1,0,1,1,1,0,1,1
0,1,1,1,0,0,0,0,1,1,0,0,1,1,0,0,0,0,0,0,1,1,1,0,0,0,0,0,1,0,0
0,1,1,0,0,1,0,0,1,0,0,1,1,0,0,1,0,0,1,1,1,1,1,1,1,0,0,1,1,1,0
0,0,1,0,0,0,1,1,1,0,0,0,1,0,1,0,1,1,0,0,0,1,1,0,0,0,0,0,1,1,0
0,1,0,0,1,0,1,0,0,1,1,1,1,0,1,0,0,1,1,1,0,0,1,1,0,0,0,1,1,1,0
1,0,1,1,0,0,1,1,0,0,0,0,0,1,1,1,1,0,0,0,1,0,0,1,1,1,1,1,0,1,0
0,0,0,1,0,1,1,0,0,0,0,1,0,1,1,0,1,0,0,0,1,0,1,1,0,0,0,0,0,1,0
0,1,0,1,0,0,0,0,0,0,0,1,0,0,1,0,0,0,0,1,0,1,1,1,1,1,1,1,1,0,0
1,0,0,1,0,1,0,1,0,0,0,1,1,0,1,1,1,1,0,0,1,0,1,1,1,1,1,1,1,1,0
0,0,1,0,1,0,1,0,0,1,0,1,1,0,1,1,1,0,0,1,0,1,1,1,0,0,0,0,1,1,0
1,1,0,0,1,1,1,0,0,1,1,0,0,1,1,1,0,1,1,1,0,1,1,0,0,1,0,1,1,1,1
0,1,1,1,0,0,0,1,0,0,1,1,1,1,0,1,1,0,0,1,1,1,1,0,1,1,1,1,1,1,0
0,1,1,0,0,1,1,1,1,1,1,0,0,0,0,1,0,1,1,0,0,0,0,0,0,0,0,0,1,1,0
1,0,1,1,0,0,0,0,0,0,0,1,0,1,0,1,1,1,1,0,0,1,1,1,1,0,1,1,0,0,0
1,1,1,0,1,0,0,0,1,0,1,1,0,1,0,1,1,1,1,0,1,1,0,0,1,0,0,1,0,1,0
1,1,1,0,0,1,1,0,1,1,0,0,1,0,1,1,0,1,0,0,1,0,0,1,0,1,0,0,0,0,0
1,1,0,1,0,0,1,1,0,1,1,1,0,1,1,0,0,1,1,0,0,1,1,1,0,0,0,0,1,0,0
1,1,0,0,0,1,1,0,0,1,0,1,1,1,1,0,1,1,0,0,1,0,0,1,0,1,0,0,1,0,0
1,0,1,0,0,1,0,1,1,1,1,1,1,0,1,1,1,1,0,1,1,0,0,1,0,1,0,1,0,1,1
0,1,1,0,0,1,0,0,0,0,1,0,1,0,1,0,0,0,1,1,0,1,0,1,0,0,1,0,0,1,0
0,0,1,1,1,1,0,0,0,1,1,0,1,0,0,0,1,1,1,1,0,0,1,1,0,0,0,0,0,0,0
0,0,1,1,1,1,1,1,1,1,0,0,0,0,1,0,0,0,1,1,1,0,0,1,0,1,1,0,0,0,0
0,1,1,1,1,1,1,0,0,1,1,0,1,0,1,0,1,1,1,0,1,1,0,1,0,1,1,1,0,0,1
1,1,1,0,1,1,0,0,1,0,1,0,0,1,1,0,0,1,1,0,1,0,0,0,1,1,0,0,1,1,0
0,0,0,1,1,1,0,0,0,0,0,0,0,1,1,1,0,1,0,1,1,0,0,0,0,1,0,0,0,0,0
0,1,1,1,1,1,0,0,1,0,1,0,1,1,1,0,0,1,1,0,0,1,1,1,0,0,1,1,0,1,0
1,1,1,1,0,1,0,0,0,1,1,0,1,1,0,0,1,0,0,0,1,1,1,0,1,1,0,0,1,0,0
0,1,0,0,0,1,1,1,1,1,1,0,1,1,0,0,0,1,1,1,0,1,0,0,0,1,1,0,1,1,0
0,0,0,1,1,1,0,1,0,0,1,0,0,0,1,0,1,1,1,1,1,1,1,0,0,0,1,1,0,1,0
1,0,1,1,1,0,1,1,1,0,0,0,0,0,0,1,1,1,1,0,1,1,0,0,1,0,1,0,0,0,0
0,0,0,1,1,1,0,0,0,1,1,1,0,1,1,0,0,0,0,1,0,1,0,1,1,0,0,0,0,1,0
1,1,1,1,0,1,0,1,1,0,1,0,1,1,0,1,1,0,0,1,1,1,1,0,1,1,1,0,1,1,1
0,0,0,1,1,0,0,1,1,0,1,1,0,1,0,1,1,0,0,0,0,0,0,1,0,1,1,1,1,1,0
1,1,0,0,0,0,0,0,1,0,1,1,0,1,0,1,1,0,1,0,0,1,1,0,1,1,1,1,1,1,0
0,1,1,0,1,0,1,1,1,1,0,0,0,0,0,1,0,0,0,1,0,1,1,0,0,1,1,1,1,1,0
1,0,1,1,0,0,1,1,1,1,1,0,0,0,0,1,0,0,1,1,1,1,1,0,0,0,0,1,1,0,0
0,0,1,1,0,1,1,0,1,0,1,0,1,0,0,0,1,1,1,0,0,1,1,1,1,1,1,1,1,0,0
1,1,0,1,0,1,0,1,1,0,0,1,0,1,0,1,0,0,0,0,0,1,0,1,1,1,0,1,0,0,0
0,1,1,0,0,1,0,1,1,0,0,1,0,1,1,0,1,1,1,1,0,0,0,0,0,0,0,1,1,1,0
0,1,0,0,1,0,0,0,1,1,1,0,1,0,1,0,1,1,1,0,0,1,1,1,1,1,1,0,1,0,0
1,0,1,1,0,1,1,1,0,0,1,1,1,1,0,0,1,1,1,1,0,0,0,0,1,1,1,0,0,1,0
1,0,0,1,1,1,1,0,1,1,0,1,0,1,0,0,0,1,1,1,0,0,1,0,0,0,0,1,0,1,0
1,1,1,0,1,1,1,0,0,1,0,0,0,0,1,0,1,0,0,1,0,1,1,1,1,1,1,0,0,1,0
1,1,1,1,1,1,1,1,0,0,0,1,1,1,0,1,0,0,0,0,0,0,1,0,0,0,1,1,1,0,0
1,1,0,1,0,1,1,0,0,0,1,1,0,0,1,1,0,1,1,0,0,0,1,0,0,0,0,1,0,0,0
0,1,0,1,1,0,1,1,0,0,1,0,1,0,1,0,0,0,1,1,0,0,1,0,1,0,1,0,0,0,0
0,0,0,0,0,1,0,0,1,0,1,0,0,0,1,0,1,1,1,0,0,1,0,1,0,1,1,0,1,0,0
1,1,0,0,1,1,0,1,1,0,1,1,0,1,1,1,1,1,0,1,0,1,0,0,1,0,1,0,0,0,0
1,0,1,0,1,0,1,0,1,0,0,1,1,0,1,1,0,0,0,0,0,0,1,0,0,1,0,0,0,0,0
1,0,0,1,0,1,0,1,1,0,1,0,1,0,1,1,1,0,1,1,1,0,1,1,1,1,0,1,1,1,0
1,0,1,0,1,0,1,0,1,0,0,1,0,1,0,1,0,0,0,0,1,1,0,1,1,0,0,0,1,1,0
0,1,1,0,1,1,0,0,0,0,0,0,1,1,0,1,0,1,1,0,1,0,0,0,1,0,1,0,0,0,0
1,0,0,0,1,0,0,1,1,0,0,0,1,0,0,1,0,0,0,0,0,0,1,0,0,1,0,0,0,1,0
0,0,0,1,0,0,1,0,1,1,0,1,1,1,0,0,0,1,0,0,0,1,0,0,1,1,1,1,1,0,0
1,0,0,0,1,1,1,0,0,1,0,1,1,1,0,1,1,1,0,1,1,1,1,0,0,0,0,0,1,0,0
1,0,0,1,1,0,0,0,1,1,0,0,0,1,0,1,0,1,1,1,1,0,0,0,1,1,0,1,1,1,0
0,1,1,0,1,0,0,0,0,1,1,0,0,1,1,0,0,0,0,0,0,1,1,1,0,1,0,1,0,1,0
0,1,1,1,1,1,0,1,1,1,1,1,0,0,0,0,1,1,0,0,1,1,0,1,0,0,0,1,0,1,0
1,0,1,0,1,0,0,1,0,0,1,1,1,0,0,1,1,0,1,1,0,1,0,0,1,1,0,1,1,0,0
1,1,1,1,1,1,1,0,0,1,1,1,0,0,1,0,1,0,1,0,1,1,1,0,1,0,1,1,0,1,1
1,1,1,1,1,0,0,0,1,0,0,1,0,1,0,1,0,0,0,0,1,1,0,1,1,0,0,1,0,1,0
1,0,0,1,0,1,1,1,0,0,0,0,0,1,0,0,0,1,0,1,1,1,0,0,0,0,1,1,0,1,0
0,0,0,1,0,0,0,1,0,0,0,0,1,0,0,0,1,0,1,0,1,1,1,0,1,1,0,1,0,1,0
0,1,1,1,0,1,0,1,0,0,0,0,0,0,0,1,1,1,1,0,1,0,1,0,1,0,1,1,1,1,0
0,0,0,0,1,1,1,1,0,0,1,0,1,1,0,0,1,0,0,0,0,0,0,1,0,1,1,1,1,1,0
1,0,1,0,0,0,0,1,0,1,1,1,0,1,1,0,1,1,1,1,1,1,1,0,0,0,0,1,1,1,0
1,1,0,1,0,1,1,0,1,0,0,0,0,1,1,0,1,0,1,0,0,0,1,0,1,0,0,0,0,0,0
1,0,1,1,0,0,1,0,0,0,0,1,0,1,0,0,0,1,0,1,0,1,1,1,1,0,0,1,1,1,0
1,1,0,0,0,0,0,1,0,1,0,0,0,1,1,0,1,0,0,0,0,1,0,0,0,0,1,1,0,0,0
0,1,1,1,1,0,0,1,1,0,1,1,1,1,0,1,0,1,0,1,0,1,1,1,0,1,0,0,1,0,0
0,1,0,1,0,1,1,0,0,0,1,0,0,1,1,0,1,1,0,1,1,1,0,1,1,1,0,0,0,0,0
0,0,1,0,1,0,1,1,0,0,1,0,0,0,0,1,1,1,1,1,0,0,0,0,1,1,1,1,1,1,0
0,0,0,1,0,0,1,1,0,1,0,0,1,1,0,0,0,0,1,1,0,0,0,0,1,1,1,1,1,1,0
1,0,0,1,0,1,1,0,0,1,0,1,0,0,0,0,1,1,0,0,1,1,0,1,0,0,0,1,0,1,0
1,1,0,1,0,0,1,0,0,1,1,1,0,0,0,1,0,0,0,1,0,1,1,1,0,0,1,0,1,0,0
0,1,0,0,1,1,1,0,0,1,1,1,0,1,1,1,0,0,0,0,0,1,0,1,1,0,1,0,0,1,0
0,0,0,1,1,0,0,0,0,1,0,0,0,1,1,0,0,0,0,0,1,0,1,1,1,1,1,1,1,1,0
1,0,1,0,0,0,0,0,1,1,1,0,0,1,0,1,1,1,1,1,1,0,0,1,0,0,1,0,0,0,0
0,1,1,1,1,0,0,1,1,0,0,1,1,1,1,1,0,0,1,0,1,0,0,1,1,1,0,1,1,0,0
1,0,0,1,0,0,1,0,0,0,0,0,1,1,0,0,1,0,1,0,1,0,1,1,0,1,0,0,0,0,0
1,1,1,1,1,1,1,0,1,1,0,1,0,1,1,0,1,0,1,1,1,0,0,0,0,0,0,0,0,0,0
0,0,1,1,0,1,0,1,1,0,1,1,1,1,1,1,1,0,1,1,0,1,0,0,1,0,0,0,1,0,0
0,0,0,0,1,1,1,0,1,0,1,1,1,0,0,0,0,0,0,1,0,0,0,1,1,1,0,1,0,1,0
1,0,1,1,0,0,0,1,0,0,1,1,1,0,1,0,0,0,0,1,1,1,1,1,0,0,1,0,0,0,0
0,0,1,0,1,0,1,1,1,0,0,0,1,0,0,0,0,1,1,1,0,1,0,0,0,1,0,1,0,0,0
1,1,0,0,0,1,1,1,0,0,0,1,0,1,1,1,1,1,1,1,0,1,0,0,0,1,0,1,1,1,0
0,1,0,1,1,0,0,1,0,0,0,0,0,1,0,1,0,0,0,0,0,0,1,1,0,1,1,1,0,1,0
1,1,1,1,0,1,1,1,1,1,0,0,0,1,1,1,0,1,1,0,0,1,0,1,0,0,1,0,1,0,0
1,0,1,0,1,0,1,0,1,0,0,1,1,1,0,1,0,0,0,1,0,1,0,0,0,0,0,0,0,1,0
1,1,1,0,0,0,1,0,0,1,1,0,0,0,0,0,1,0,0,0,1,1,1,1,0,0,1,0,1,0,0
1,0,0,0,0,0,0,0,0,1,0,1,0,0,0,1,1,1,0,1,0,0,1,1,0,0,0,1,1,0,0
0,0,1,1,0,1,1,1,0,1,0,1,1,0,0,1,1,1,1,0,0,1,1,1,0,1,0,0,1,1,0
0,1,1,1,0,1,1,1,1,0,0,0,1,1,1,1,1,1,0,1,1,0,0,0,0,0,0,1,1,1,0
1,1,0,1,1,0,0,1,0,0,0,1,0,1,1,0,1,0,0,0,1,0,1,1,0,0,0,1,0,1,0
1,1,1,1,1,0,0,1,0,0,0,1,1,1,0,1,1,1,1,1,0,0,0,1,1,0,1,0,1,1,1
0,0,1,1,0,0,0,0,1,1,1,1,1,1,1,1,1,1,1,0,1,0,0,0,0,1,1,1,0,0,0
0,1,0,1,1,0,1,1,0,1,0,0,1,1,1,0,1,1,1,1,0,0,0,0,1,1,0,0,0,1,0
1,0,0,1,1,0,0,0,0,0,0,1,0,1,1,1,1,0,1,1,0,1,1,0,0,1,1,0,0,1,0
1,1,0,1,1,0,1,0,1,1,0,0,0,1,0,0,1,1,1,0,0,0,1,0,1,0,0,0,0,0,0
1,0,1,0,1,1,1,1,0,0,0,0,0,0,1,0,1,0,0,1,1,0,1,1,0,1,1,1,0,0,0
0,0,0,1,0,0,1,1,1,0,1,1,0,1,0,0,1,0,1,1,0,1,1,0,1,0,1,1,1,0,0
0,1,0,0,1,1,1,1,0,1,0,1,0,0,1,0,0,0,0,1,0,0,0,1,0,0,0,0,1,1,0
0,0,0,0,0,1,1,1,0,0,0,1,1,0,1,1,1,0,1,1,0,0,0,0,1,0,1,1,0,0,0
0,0,1,1,0,0,1,1,0,0,0,1,1,1,1,0,0,0,1,1,0,1,1,0,1,0,0,0,0,1,0
0,0,0,1,1,1,1,0,1,0,0,0,1,1,1,1,0,0,0,1,0,1,0,0,0,1,0,1,1,1,0
1,1,0,0,0,1,0,0,1,0,0,1,0,0,1,1,1,1,0,0,1,1,0,1,1,0,0,0,0,0,0
0,0,1,0,0,1,1,0,0,0,1,1,0,0,1,0,1,0,0,1,1,1,0,1,0,0,0,1,0,1,0
1,0,1,1,1,1,0,1,0,0,0,1,0,0,0,1,1,0,1,1,1,1,0,1,0,1,0,0,1,1,0
0,0,1,0,0,1,0,1,0,1,1,0,1,1,1,0,1,0,0,1,1,0,0,1,0,1,0,0,1,0,0
0,0,0,1,0,1,0,0,0,1,1,1,0,0,0,1,0,1,1,1,1,1,0,0,0,1,1,0,1,1,0
1,0,1,1,1,0,0,0,1,0,1,1,0,1,1,1,0,0,0,1,0,1,0,0,1,0,0,0,1,0,0
1,0,1,0,0,0,1,0,0,0,1,1,0,0,1,1,1,0,0,1,0,1,1,0,1,0,1,0,0,0,0
1,1,0,0,0,0,0,1,1,0,0,0,1,0,0,0,1,0,1,1,1,0,0,0,1,0,0,0,0,0,0
0,1,1,0,0,1,0,0,0,1,0,1,0,0,1,1,1,0,0,1,0,1,0,0,0,0,0,0,0,0,0
1,1,1,1,0,1,0,0,1,1,1,0,1,1,1,1,1,0,0,0,1,1,0,0,1,1,1,0,0,1,0
1,1,1,1,0,0,0,1,1,0,0,1,0,0,0,1,0,1,1,1,0,0,0,0,0,1,1,1,1,0,0
0,1,1,1,0,0,1,0,0,1,1,1,0,0,0,0,1,0,1,1,0,1,0,0,0,1,0,0,0,1,0
0,1,0,1,0,1,1,1,1,0,0,0,1,1,1,1,0,0,0,0,0,0,0,0,1,1,1,0,1,1,0
0,1,0,1,0,1,0,1,1,1,0,1,1,1,0,1,0,1,0,0,0,1,1,0,1,1,0,0,0,0,0
0,1,0,0,0,1,0,0,1,1,0,1,0,0,0,1,1,0,1,0,1,1,1,1,1,0,0,1,0,0,0
1,0,1,1,0,0,0,0,0,0,0,1,1,1,0,1,0,0,0,0,0,0,1,0,1,1,0,1,1,0,0
0,0,1,1,1,0,0,1,0,0,0,1,0,1,0,1,1,1,0,1,1,0,0,0,1,1,1,0,1,1,0
0,1,0,1,0,0,1,0,1,0,0,1,0,0,1,0,1,1,1,1,0,0,0,1,1,0,0,0,1,1,0
0,1,0,1,0,0,1,0,1,1,1,0,0,1,1,0,0,0,1,1,0,0,1,0,0,0,0,1,1,1,0
1,1,0,0,0,1,1,1,1,0,0,0,1,0,0,0,0,1,0,0,1,0,0,1,0,1,1,1,1,1,0
0,1,0,0,1,1,1,0,0,1,0,1,1,1,1,0,1,1,0,1,1,1,1,0,1,1,1,1,0,1,1
1,1,0,1,1,0,1,1,1,0,0,1,1,1,0,0,1,1,1,0,0,0,1,0,0,1,0,0,0,0,0
0,0,0,1,0,0,0,0,1,0,0,1,1,1,0,0,0,1,1,1,0,0,0,1,0,0,0,1,0,0,0
0,0,1,1,1,0,0,0,0,0,1,0,0,0,0,1,1,0,0,1,1,0,1,1,0,1,1,1,1,0,0
1,1,1,0,0,0,0,0,1,0,1,1,1,0,1,0,1,0,0,0,0,0,0,0,1,1,0,1,0,1,0
1,1,1,0,0,0,0,1,0,0,1,1,0,1,0,0,0,0,0,1,1,1,1,1,1,1,0,0,0,1,0
1,1,0,0,0,1,1,0,1,0,0,1,0,1,0,1,1,0,0,0,1,0,1,0,0,1,0,0,1,0,0
0,0,1,1,0,0,0,0,1,0,0,1,1,1,1,1,1,1,1,1,0,0,0,0,0,1,1,0,0,1,0
1,0,1,1,0,1,0,1,1,1,0,1,1,1,0,1,1,0,1,1,1,1,0,0,1,0,0,1,0,1,1
0,1,1,0,0,1,1,0,0,0,1,1,1,0,1,0,1,1,0,0,1,1,1,1,1,1,1,0,0,1,0
0,1,0,1,1,1,1,1,1,0,1,0,1,0,1,0,1,1,1,1,0,1,0,0,0,0,1,1,1,1,1
0,1,1,0,1,0,0,0,0,0,1,1,0,0,0,1,1,0,0,0,1,1,0,1,1,1,1,1,0,1,0
1,0,0,1,1,0,1,1,0,1,0,1,0,1,0,0,1,0,0,0,0,1,1,1,0,0,0,0,0,1,0
1,0,0,1,0,1,1,0,1,0,1,0,0,0,0,1,0,0,0,0,0,0,1,0,0,1,0,1,0,0,0
0,0,0,0,0,1,1,1,1,1,0,0,1,1,1,1,0,0,1,1,0,0,0,1,0,1,0,1,0,0,0
1,1,0,1,0,0,0,0,1,1,0,0,1,0,1,1,1,0,0,0,1,0,1,0,1,0,0,0,1,0,0
0,1,0,1,1,0,0,1,0,1,1,1,1,0,0,1,1,1,1,1,0,1,1,0,0,1,1,0,0,0,0
1,0,0,0,1,0,0,1,1,1,1,1,0,0,0,0,0,1,1,0,1,1,1,0,0,1,0,1,1,0,0
1,0,0,0,1,1,1,1,1,0,0,1,1,0,1,0,1,1,1,0,1,1,1,1,1,1,1,0,1,0,1
0,1,0,1,1,0,1,1,0,1,1,0,1,0,0,1,0,0,0,0,1,1,1,0,0,0,0,1,0,1,0
1,0,1,1,0,1,0,0,1,1,1,1,1,1,0,1,1,1,0,1,1,1,0,1,1,1,1,1,1,1,1
0,0,0,0,0,1,0,0,0,0,1,1,1,0,1,0,0,1,0,0,1,1,0,1,0,0,0,0,1,1,0
1,0,1,0,0,1,0,1,0,1,1,1,1,1,0,0,0,1,0,0,0,1,1,0,1,1,0,0,0,0,0
1,0,0,1,0,0,0,1,0,1,0,1,1,1,0,1,0,0,0,0,0,1,1,0,1,0,1,1,0,0,0
0,1,0,1,0,0,0,1,0,0,0,0,0,1,1,1,0,1,0,0,1,1,1,0,0,1,1,0,0,1,0
0,1,1,1,1,0,1,0,1,1,1,0,1,0,1,1,0,1,1,1,1,0,1,0,1,0,0,0,0,0,0
1,1,0,0,1,0,0,1,1,1,1,0,0,1,0,1,1,1,0,1,1,1,0,0,0,0,0,1,0,1,0
1,1,1,1,0,0,1,0,1,1,1,0,0,1,0,1,1,0,1,0,1,1,1,0,1,1,1,0,1,1,1
0,1,1,0,0,0,0,0,1,0,0,1,0,0,1,1,1,0,1,1,0,0,1,0,1,1,0,1,0,0,0
1,0,1,0,1,0,1,0,1,0,1,0,0,1,0,1,1,0,0,0,0,1,0,0,1,1,1,1,0,0,0
0,1,0,1,0,0,0,1,1,1,0,1,0,1,0,1,1,1,1,0,1,1,1,0,1,0,1,0,1,0,0
0,1,0,1,0,1,1,0,0,0,0,1,0,1,0,0,1,1,0,1,1,1,1,0,1,0,0,0,0,1,0
1,1,1,0,0,1,1,0,1,1,1,0,0,1,1,1,1,1,0,1,0,0,1,1,0,1,0,0,1,0,0
0,1,1,0,1,1,0,1,0,1,1,1,0,1,0,1,0,1,0,1,1,0,1,0,1,1,1,0,0,0,0
1,1,0,0,1,1,1,1,1,1,1,0,0,0,1,1,1,1,0,1,1,0,0,0,1,1,0,1,0,0,0
1,0,1,1,0,0,0,0,1,0,0,1,1,0,0,0,0,1,1,1,0,0,1,0,1,1,0,1,0,1,0
1,1,1,0,0,1,1,1,0,0,1,0,0,0,1,1,1,1,0,0,1,1,0,1,1,1,1,0,0,0,0
0,0,0,1,0,1,1,0,0,1,0,1,1,1,1,1,1,0,1,0,1,1,0,1,1,0,1,1,1,0,0
1,1,0,1,0,1,0,1,1,0,1,1,0,0,1,1,0,1,1,1,1,1,1,1,0,1,1,0,0,1,1
0,0,0,1,1,0,1,0,1,1,0,0,1,0,1,0,1,0,1,0,0,0,1,1,1,0,1,0,0,1,0
1,1,1,0,0,0,1,0,1,0,0,0,1,1,1,1,0,1,1,0,0,1,0,0,0,0,1,1,0,0,0
0,1,1,1,1,0,1,0,1,1,0,1,1,0,1,0,0,1,1,1,1,1,0,1,0,0,0,1,1,1,1
1,1,1,0,1,0,0,1,1,1,1,1,1,0,0,1,0,0,1,0,1,0,0,0,1,0,1,1,0,0,0
1,0,0,1,1,0,0,0,0,1,0,1,0,1,1,1,0,1,1,0,1,0,1,0,1,0,0,0,0,1,0
1,1,1,1,0,0,0,0,1,0,1,1,0,1,1,1,0,0,1,0,1,0,0,0,0,1,1,1,1,0,0
0,0,1,1,0,0,1,1,0,0,1,1,0,0,1,0,1,0,0,0,1,1,0,0,0,0,0,1,0,0,0
0,0,1,1,1,0,0,0,1,1,1,0,0,0,1,1,0,1,1,1,0,1,1,0,0,1,1,1,1,0,0
1,1,0,0,0,0,0,0,0,0,1,0,1,0,1,0,1,1,0,0,0,1,0,0,0,0,1,0,0,0,0
1,1,1,1,1,0,1,0,0,0,1,0,0,1,1,1,1,1,1,0,0,0,1,1,0,0,1,0,0,0,0
1,1,0,1,1,0,0,0,0,1,1,0,0,1,1,1,1,0,0,1,1,0,0,0,1,1,0,1,0,0,0
0,0,0,0,1,0,0,0,1,1,1,1,0,0,1,1,0,1,0,0,0,0,1,1,1,1,0,0,0,1,0
0,0,1,0,1,1,1,1,1,0,0,1,0,1,0,0,1,0,1,1,0,0,0,0,0,0,0,0,0,0,0
1,1,1,1,1,1,0,0,1,0,0,0,1,0,1,1,1,0,0,1,0,1,1,0,0,1,1,0,1,0,0
1,1,1,1,1,1,0,1,0,1,1,0,0,0,0,1,0,1,1,0,0,0,0,1,0,1,1,0,0,0,0
0,0,0,1,1,0,0,1,0,1,0,1,0,0,1,0,1,1,1,0,0,1,0,0,1,0,1,0,1,0,0
1,0,0,1,1,1,1,1,1,0,1,0,0,0,1,1,0,1,0,0,0,0,1,0,1,0,1,1,0,0,0
1,0,1,1,0,1,0,0,1,1,0,0,0,1,1,1,1,0,1,0,1,1,0,1,0,0,0,1,1,0,0
1,0,1,0,1,1,1,1,0,0,1,1,0,0,0,0,0,1,0,1,0,1,1,1,1,0,1,0,1,0,0
0,0,1,1,1,0,0,0,0,1,0,1,0,1,0,0,1,0,1,1,1,1,1,1,0,0,1,0,0,1,0
1,1,0,0,1,1,0,0,1,0,1,0,1,0,0,1,1,1,0,0,0,0,1,1,0,0,0,0,0,1,0
1,1,0,0,1,0,0,1,1,0,1,0,0,1,1,1,1,1,1,0,0,1,0,0,0,1,1,0,0,0,0
1,0,1,0,0,0,0,1,0,1,1,1,1,0,1,0,0,0,0,0,1,1,1,1,0,1,0,0,0,0,0
0,0,1,0,0,1,1,0,1,0,1,0,1,1,1,1,0,0,0,1,1,1,1,1,0,1,0,1,1,1,0
1,1,0,0,1,0,1,0,0,1,1,0,1,1,0,0,0,0,0,0,1,0,0,1,0,1,1,1,0,0,0
0,0,1,1,1,0,0,1,1,1,0,0,0,1,1,0,0,1,0,1,0,1,0,0,1,1,0,0,1,1,0
1,0,1,0,0,0,1,0,1,1,0,0,1,1,0,0,0,0,0,0,1,0,0,1,0,0,1,0,0,1,0
1,1,1,1,1,0,1,0,0,0,1,0,0,0,1,0,0,0,1,0,1,1,0,0,1,0,1,0,0,1,0
1,1,0,0,0,0,0,0,1,1,1,1,1,1,1,0,1,1,1,1,0,1,0,0,0,0,1,1,0,0,0
1,1,1,0,1,1,1,0,1,1,1,1,0,0,0,1,1,0,1,0,0,0,0,1,1,1,0,1,1,0,0
1,0,0,1,0,1,0,0,1,1,0,0,1,0,1,0,1,0,0,0,1,1,1,0,1,1,1,0,1,1,0
0,0,0,0,1,1,0,0,0,1,1,1,0,1,0,1,0,0,1,1,1,1,1,1,1,0,1,0,0,1,0
1,1,1,1,1,1,1,0,0,0,0,1,0,0,1,0,1,0,0,0,1,1,1,0,0,0,0,0,1,0,0
0,1,0,1,1,0,1,0,1,1,0,0,1,1,1,0,1,1,0,0,0,0,0,0,1,1,0,0,1,1,0
1,1,0,1,0,1,1,0,1,1,1,1,1,1,0,0,0,1,1,0,1,1,1,1,1,1,0,0,0,1,1
1,0,0,0,0,1,0,1,1,0,1,0,1,0,1,1,0,1,1,1,1,0,0,1,1,1,1,0,0,0,0
1,0,1,1,0,1,0,0,1,1,0,1,0,0,1,1,1,1,1,1,1,0,1,0,1,0,1,1,1,1,0
0,1,1,1,1,1,0,0,0,1,1,1,0,0,0,1,0,1,0,1,0,0,0,1,0,1,1,0,1,0,0
0,0,1,1,1,1,0,1,0,1,0,1,0,1,1,0,0,1,1,1,1,1,0,1,0,0,1,1,0,0,0
0,0,1,1,1,1,0,1,1,0,1,1,0,1,0,1,0,0,1,1,0,1,0,1,1,0,0,0,1,1,0
0,1,1,1,1,0,0,0,0,0,1,0,0,1,1,1,1,1,0,1,0,1,1,1,1,0,0,1,0,0,0
1,1,1,0,0,0,1,1,0,0,0,1,0,0,1,1,0,1,1,1,1,0,0,0,1,1,0,0,0,1,0
1,1,0,1,1,1,1,1,1,1,0,1,1,1,0,1,1,1,1,0,0,0,0,1,1,1,1,1,1,0,1
1,0,1,1,0,1,0,0,0,1,1,0,1,0,1,0,1,1,0,0,1,1,1,0,1,0,0,1,0,1,0
1,0,0,1,1,1,0,1,0,0,1,0,0,0,1,1,0,1,1,0,1,0,1,1,0,1,0,1,0,0,0
1,0,0,0,1,1,1,1,0,1,1,1,0,0,1,1,0,1,0,0,0,0,1,0,1,1,0,1,1,1,0
1,0,1,1,1,0,0,1,1,1,0,0,0,1,0,1,0,1,0,0,0,1,1,1,1,1,0,1,1,0,0
1,0,1,0,0,1,1,0,1,1,0,1,1,0,1,0,1,1,0,1,1,1,0,0,0,1,0,1,1,0,0
1,1,0,0,1,1,1,0,0,0,0,1,0,1,0,0,0,0,1,1,0,0,0,1,1,0,1,1,1,0,0
1,0,0,0,0,1,0,1,1,0,0,1,0,1,0,0,1,0,0,0,0,0,1,0,1,1,0,0,1,1,0
1,1,1,1,1,0,0,1,1,1,0,1,0,1,0,0,0,1,1,0,1,1,0,1,0,0,1,0,0,1,0
0,1,0,0,0,0,0,0,1,0,0,0,1,0,1,0,1,0,0,0,1,0,1,0,1,0,1,1,0,1,0
1,1,1,1,1,1,0,0,1,1,1,1,0,1,0,0,1,1,1,1,1,1,1,0,1,0,1,0,1,0,1
0,1,0,0,0,0,0,0,0,0,1,1,0,1,0,0,1,0,1,1,0,1,0,1,0,0,1,1,1,0,0
1,1,0,1,1,0,0,1,1,0,0,1,1,1,1,0,1,1,0,1,1,1,1,1,0,0,0,1,1,0,1
0,1,0,1,1,1,1,1,1,0,0,0,0,1,0,0,0,1,0,0,1,0,1,0,0,1,0,1,0,1,0
1,1,1,0,1,1,0,1,1,0,1,0,0,0,1,1,0,0,1,1,1,0,0,1,0,0,0,0,0,0,0
1,1,0,1,1,1,1,0,0,1,1,0,0,1,1,1,1,1,0,0,0,1,1,1,1,0,0,0,0,1,0
1,0,0,0,1,0,0,1,1,1,1,0,1,1,1,0,0,1,0,0,1,1,1,0,0,1,0,1,0,0,0
1,1,1,1,0,0,0,1,0,0,1,1,1,0,1,0,1,0,1,0,0,1,1,0,1,1,0,1,0,0,0
1,0,1,0,0,0,1,1,0,1,1,1,0,0,0,0,0,0,0,1,1,1,0,1,1,1,0,1,1,1,0
1,1,0,1,0,1,1,1,0,1,1,1,1,1,0,0,0,1,1,1,1,1,0,0,0,1,1,1,1,0,1
0,1,1,0,0,0,0,0,1,0,0,0,1,0,0,1,1,1,0,1,1,0,1,1,0,0,1,1,1,1,0
0,1,0,1,1,0,1,0,0,1,1,0,1,1,0,1,0,0,1,1,0,0,0,0,0,1,0,0,0,1,0
0,1,0,0,1,1,0,0,1,0,1,1,1,0,0,0,1,1,0,0,1,0,1,1,0,1,0,1,0,0,0
1,0,1,1,0,0,0,0,1,0,0,1,1,1,1,1,0,1,1,0,0,0,0,0,1,1,1,0,1,0,0
1,1,0,0,1,0,1,0,0,1,0,0,0,0,1,1,1,1,1,0,0,1,0,1,1,0,0,1,1,1,0
1,0,0,0,1,0,1,1,0,1,0,0,0,0,1,1,1,1,1,0,1,0,1,1,1,1,1,1,0,1,0
1,0,0,0,0,0,0,0,0,1,0,0,1,1,1,1,1,1,1,1,1,0,0,0,0,1,0,1,0,1,0
1,1,1,0,0,1,1,1,0,0,0,0,0,0,0,0,1,1,1,0,0,0,0,0,1,0,0,0,0,0,0
1,1,0,1,1,1,0,1,1,0,0,1,0,0,0,0,1,0,0,1,0,0,1,1,1,1,0,1,1,0,0
1,1,1,0,1,1,0,0,1,1,1,0,0,0,0,0,1,1,0,0,1,1,0,0,0,0,1,1,1,1,0
1,1,1,1,1,0,1,1,1,1,0,0,0,0,1,0,0,0,1,1,1,1,1,1,1,0,1,1,1,1,1
0,1,0,1,1,1,0,1,0,1,1,1,0,1,0,1,0,1,0,0,0,0,1,0,1,0,1,0,0,0,0
0,1,1,0,1,0,0,1,0,1,1,1,0,1,1,1,0,0,0,0,1,0,0,0,0,0,1,0,1,1,0
0,0,0,0,1,0,1,1,1,1,0,1,0,0,1,0,0,1,1,1,1,1,0,1,1,1,1,1,1,1,0
0,0,1,1,1,1,1,1,1,0,1,0,0,1,0,1,0,1,1,0,0,0,0,0,1,1,1,0,1,0,0
0,0,1,0,1,1,1,1,1,0,1,1,0,1,1,1,0,0,1,0,0,1,0,0,1,0,1,1,1,1,0
0,0,0,1,0,1,0,1,1,0,1,0,1,0,0,1,0,1,0,0,1,1,1,1,0,1,0,1,0,0,0
1,1,0,1,1,1,1,0,0,0,1,1,0,1,1,0,0,1,0,0,1,0,1,0,0,1,1,0,1,0,0
1,0,0,0,1,1,1,0,1,1,1,0,0,1,0,1,1,0,0,1,0,1,1,1,0,1,1,0,1,0,0
1,0,0,1,1,1,1,0,1,1,0,0,0,1,0,0,0,0,1,1,0,0,0,1,1,0,0,1,1,1,0
0,1,0,1,1,0,0,0,1,0,0,1,0,1,1,0,1,1,1,0,0,1,0,1,0,0,0,1,1,1,0
0,0,0,1,0,1,0,0,0,1,1,0,0,1,0,0,1,1,0,1,1,0,0,1,0,0,1,1,1,0,0
1,0,1,0,0,1,1,0,0,0,0,1,0,0,1,1,0,1,0,0,1,1,0,1,1,0,1,0,0,1,0
0,1,0,0,0,1,0,0,1,0,0,1,1,1,1,1,1,1,1,0,1,0,0,1,0,1,0,0,1,0,0
1,0,0,0,0,0,1,1,1,1,0,1,0,1,0,0,1,1,0,0,0,0,1,0,0,1,0,0,0,1,0
1,0,1,0,0,0,1,0,1,1,1,0,0,1,0,1,0,1,1,0,1,0,1,0,1,1,0,0,0,0,0
1,0,1,0,0,0,1,0,1,0,0,0,0,1,0,0,1,0,1,0,0,0,0,1,1,1,1,0,1,1,0
1,1,0,1,0,0,1,0,0,0,1,0,1,0,0,0,1,0,1,1,1,1,1,1,1,0,1,0,1,1,0
1,0,0,1,0,1,0,1,1,0,0,1,1,1,1,0,1,0,1,1,1,0,1,0,1,1,1,1,1,0,1
0,0,1,0,0,1,0,1,0,1,1,0,1,0,0,1,1,1,0,0,0,0,1,0,0,0,0,1,1,0,0
0,0,1,1,1,1,1,0,0,0,0,0,1,0,1,1,0,1,0,0,0,1,1,1,0,0,0,0,1,0,0
0,1,1,0,1,0,1,1,1,1,0,1,0,0,0,0,0,0,0,1,0,1,1,0,1,0,1,1,0,1,0
0,1,0,0,1,1,1,1,1,0,0,1,0,0,1,0,0,1,0,1,1,0,1,0,0,1,0,1,0,1,0
0,1,1,1,0,0,0,1,1,0,0,0,1,0,0,0,0,1,1,0,0,1,0,1,0,0,1,0,0,1,0
1,0,1,1,0,1,0,1,0,1,1,0,1,0,1,1,0,1,1,1,1,0,1,1,1,1,1,1,0,0,1
0,0,0,0,1,0,0,0,0,0,1,1,0,0,1,1,1,1,0,0,1,1,1,1,1,0,1,1,0,0,0
0,1,0,0,0,0,0,1,1,1,1,1,1,1,0,0,0,0,1,0,0,1,1,1,1,0,0,0,0,1,0
1,1,0,0,0,0,0,0,1,0,1,0,0,1,0,0,0,0,0,1,1,1,0,0,1,1,1,0,0,0,0
0,1,1,0,0,0,0,0,0,0,1,1,0,0,0,0,0,0,0,1,0,1,0,0,0,0,0,1,0,1,0
1,1,0,0,1,1,0,0,0,1,0,1,1,1,1,1,1,1,0,0,1,0,1,0,1,0,0,0,0,1,0
1,1,1,0,1,1,0,1,1,0,0,0,0,1,0,0,0,1,0,0,1,1,0,0,1,1,1,1,0,1,0
1,0,1,0,0,1,1,0,1,0,0,0,1,1,1,0,0,1,1,1,1,0,1,1,1,0,0,0,0,0,0
1,0,1,0,0,0,1,0,1,0,1,1,0,0,0,1,1,0,1,0,0,1,1,0,0,1,1,0,1,1,0
0,0,0,1,0,0,0,0,1,0,1,0,0,1,0,0,0,0,1,0,1,0,0,0,1,0,0,1,1,1,0
0,0,0,0,0,0,0,0,0,1,0,0,0,0,1,0,1,0,1,1,0,0,1,1,0,0,0,1,0,1,0
1,1,1,0,1,0,0,0,0,0,1,0,0,0,0,0,1,0,1,0,1,1,1,0,0,1,1,0,1,0,0
0,1,0,0,0,0,0,0,0,1,1,0,0,0,0,0,1,0,0,1,0,0,0,0,1,0,1,0,0,1,0
0,0,0,0,1,1,1,0,1,0,0,0,0,0,1,0,0,1,1,1,0,0,1,0,0,0,1,0,1,0,0
1,1,0,0,1,0,1,0,0,1,0,1,1,1,0,0,0,1,0,1,1,1,0,1,1,1,0,0,1,1,0
1,1,0,0,0,1,0,0,0,1,1,0,1,1,1,1,1,0,0,0,0,0,1,0,0,1,0,1,1,0,0
1,1,1,0,1,0,1,1,1,0,1,0,0,0,1,0,1,1,1,0,0,0,0,0,0,1,1,1,0,1,0
1,0,1,0,1,0,0,1,1,1,1,1,1,1,1,0,0,0,0,0,1,0,1,1,0,0,1,0,0,1,0
1,1,1,0,0,0,0,0,1,1,1,1,0,1,0,0,1,1,0,0,0,1,1,1,0,0,1,0,0,0,0
1,1,0,1,0,1,0,0,0,1,1,1,1,1,1,1,0,0,0,0,0,0,1,1,1,0,0,1,0,0,0
1,1,1,0,1,1,0,1,1,0,0,1,0,0,1,1,1,0,1,0,0,0,0,0,0,0,1,1,1,1,0
1,1,1,1,1,1,1,1,0,1,0,0,1,0,0,0,1,1,1,1,0,0,1,1,0,1,1,0,1,0,1
1,1,1,0,0,1,1,1,0,0,1,0,1,1,1,0,1,0,0,1,1,1,0,1,1,0,0,0,0,0,0
1,1,0,1,0,1,0,0,1,0,0,1,0,1,0,0,0,1,1,1,0,1,1,1,0,0,1,0,0,1,0
1,0,1,1,1,0,1,1,1,1,1,1,1,0,1,1,0,1,1,1,1,1,0,1,0,1,0,1,1,1,1
0,0,1,0,1,1,0,1,1,0,1,0,1,1,1,0,1,1,0,1,1,1,0,0,1,1,1,0,0,1,0
1,0,1,1,1,1,0,0,0,1,0,0,0,1,1,1,1,1,0,0,0,0,1,1,1,1,0,1,1,0,0
0,1,1,1,0,1,0,0,0,0,1,1,0,0,1,0,0,0,1,1,0,0,0,0,0,1,1,0,1,1,0
1,1,1,0,1,0,0,0,1,0,0,1,1,0,0,0,1,0,0,1,0,1,0,0,1,0,0,0,1,0,0
0,1,0,1,1,0,0,1,0,1,0,1,0,0,1,0,0,0,1,0,0,1,1,1,0,0,0,1,1,0,0
0,1,1,1,0,1,1,0,0,1,1,0,1,0,1,0,0,0,0,1,0,1,0,1,0,1,1,1,1,1,0
1,1,0,1,1,0,0,1,0,0,0,0,0,0,1,1,1,1,0,1,0,0,0,0,0,0,1,1,1,1,0
0,1,1,0,0,1,0,1,0,0,0,1,1,1,1,1,0,0,0,1,0,0,1,1,1,0,1,1,1,0,0
0,1,0,0,1,1,1,0,0,0,0,0,1,0,1,1,1,0,1,1,0,0,1,1,1,1,0,0,1,0,0
0,1,1,1,1,1,1,1,1,0,0,0,1,0,1,0,0,0,1,0,1,1,1,1,1,0,0,1,1,0,0
1,1,0,1,0,0,0,0,1,1,1,1,0,1,1,0,0,1,1,0,0,1,1,0,0,0,1,1,1,1,0
1,0,0,0,1,1,0,0,1,0,1,0,1,0,1,1,0,1,1,0,0,0,0,1,0,0,1,1,0,1,0
1,1,0,1,0,0,0,1,1,1,1,0,0,0,1,1,1,1,0,1,1,0,0,1,0,0,1,0,0,0,0
0,1,1,0,0,1,0,1,0,1,1,1,1,1,0,0,0,1,1,0,0,0,0,1,1,0,0,1,0,0,0
0,1,1,1,0,1,0,0,0,1,1,0,1,1,1,1,0,0,1,0,0,0,1,1,0,1,1,0,1,1,0
0,1,0,1,1,0,1,1,1,1,0,1,0,1,0,1,1,0,1,0,1,1,1,1,0,1,1,0,1,0,1
1,0,0,0,1,0,0,0,1,1,1,1,1,0,1,1,1,1,1,0,0,1,1,1,0,0,1,0,1,1,0
1,1,0,0,0,1,0,0,0,0,0,1,0,1,1,0,0,1,0,0,1,1,1,0,1,0,0,1,1,0,0
0,1,0,0,1,1,0,1,1,1,1,0,0,1,1,0,0,1,1,1,1,1,1,1,0,1,1,0,0,1,1
0,1,0,1,1,0,0,0,1,0,1,1,1,1,1,1,1,0,0,1,1,1,1,1,0,0,0,0,1,0,0
0,0,1,0,1,0,1,0,0,0,1,1,0,0,0,0,1,0,1,0,1,1,0,0,1,1,0,1,1,1,0
1,0,1,1,1,1,0,1,1,0,0,0,1,0,0,1,0,1,1,1,1,0,0,0,0,1,1,1,1,1,0
0,0,0,0,0,1,1,0,1,0,0,0,0,1,0,0,0,0,1,1,0,0,0,0,0,1,0,1,1,1,0
0,0,1,1,1,1,0,1,0,1,1,1,0,1,0,0,1,1,0,1,1,0,0,1,0,0,1,0,0,0,0
1,0,1,0,1,1,0,1,0,0,1,1,0,1,0,1,1,1,1,0,1,0,1,0,0,1,1,1,1,0,0
0,0,0,0,1,0,0,1,1,0,0,1,1,1,1,0,1,0,0,0,1,1,1,0,0,0,1,1,0,1,0
0,1,0,1,0,0,0,0,1,0,1,0,0,0,1,1,0,1,1,0,1,1,0,1,0,0,0,0,0,1,0
0,0,1,1,1,0,1,0,1,0,0,1,0,0,0,1,1,1,0,1,0,0,0,1,1,1,0,0,1,0,0
1,1,0,1,0,0,0,0,1,0,0,1,0,0,1,1,1,0,1,0,1,1,0,1,0,0,0,1,1,1,0
1,0,0,1,0,1,1,1,1,0,0,0,0,1,0,0,1,1,1,1,0,0,0,0,1,1,1,1,1,1,0
0,0,1,0,0,0,1,1,1,0,0,0,0,0,0,0,0,1,1,1,1,1,1,1,1,0,0,0,0,0,0
1,0,1,1,0,0,1,0,1,0,0,1,1,0,1,1,0,0,0,1,0,1,1,0,0,1,1,1,0,1,0
0,1,1,1,1,0,1,0,1,0,1,0,0,1,1,0,1,1,1,1,1,0,1,1,0,0,0,1,0,0,0
0,1,1,1,1,0,0,0,0,1,1,1,0,0,1,0,0,1,0,0,1,0,1,1,0,0,0,1,1,1,0
0,1,1,1,1,1,0,1,1,1,1,0,1,0,0,1,1,1,1,1,0,0,1,0,1,0,0,1,1,0,1
0,0,1,0,0,1,0,1,0,0,1,0,1,1,0,0,0,1,1,1,1,0,1,0,1,1,0,1,0,0,0
1,0,1,1,0,1,1,0,1,1,1,0,0,1,1,0,1,1,1,0,1,1,0,0,1,0,0,0,0,0,0
0,1,0,0,1,0,0,1,0,1,0,0,1,0,0,0,0,1,1,0,1,1,1,0,1,0,1,0,0,0,0
0,0,0,1,1,1,1,0,1,1,1,0,0,1,1,1,0,0,1,0,1,0,0,1,1,0,0,1,0,0,0
1,0,1,0,1,0,0,1,1,0,1,1,1,1,0,1,0,1,1,0,1,0,1,1,1,0,1,0,1,0,0
1,0,0,1,0,1,0,0,0,1,0,1,0,1,1,1,1,1,1,0,1,0,1,1,0,0,0,1,0,1,0
1,1,0,0,0,0,0,1,0,0,0,0,1,1,1,0,1,1,0,1,1,0,1,0,0,1,0,0,1,1,0
1,0,1,0,0,0,0,1,0,0,0,0,1,1,1,1,0,0,0,1,0,1,1,1,1,1,1,1,1,1,0
0,1,1,0,1,0,1,1,0,0,0,1,1,0,0,1,1,0,0,0,0,1,1,1,0,0,1,1,0,1,0
0,0,1,0,0,1,1,0,1,0,1,0,0,1,1,0,1,1,1,1,0,0,0,0,0,0,1,1,1,1,0
0,1,0,1,0,1,0,1,0,1,0,0,1,1,1,0,1,1,0,1,1,0,0,0,0,1,1,0,0,0,0
1,1,0,1,0,0,0,1,1,0,0,0,0,0,0,1,1,1,0,0,1,0,0,1,1,1,0,1,0,0,0
1,1,1,0,1,0,0,0,0,0,0,0,1,0,1,1,1,0,1,1,0,0,1,0,1,1,1,0,1,0,0
1,0,0,0,0,0,1,0,0,0,0,1,1,0,0,1,0,1,1,1,0,0,0,0,0,0,1,0,0,0,0
0,0,0,1,1,1,0,1,0,1,0,0,0,0,0,0,0,0,0,0,1,1,0,0,0,1,0,1,1,1,0
1,0,1,0,0,0,0,1,0,1,1,0,1,0,1,1,0,1,1,0,1,1,0,0,1,0,1,1,1,0,0
1,1,1,1,0,0,0,1,1,0,1,0,1,0,1,0,0,0,1,0,0,0,0,0,1,0,0,0,0,1,0
0,1,1,0,1,1,0,0,1,1,0,0,0,0,0,1,1,0,0,0,1,0,0,0,1,1,0,1,0,0,0
0,1,0,0,0,1,0,1,0,0,0,1,0,1,1,1,1,0,0,0,1,1,1,1,0,0,0,0,1,1,0
0,0,0,1,1,1,1,1,0,1,0,0,0,0,1,1,1,0,1,1,0,1,0,1,0,0,0,0,1,1,0
0,0,0,1,0,1,0,0,1,0,0,0,1,0,0,0,1,0,1,0,0,0,1,0,1,1,0,0,0,0,0
1,0,1,1,0,1,0,0,0,1,1,0,0,0,0,1,0,0,1,0,1,1,1,1,0,1,0,0,1,1,0
1,1,0,1,0,0,0,1,0,0,0,1,1,0,0,1,0,0,0,1,0,0,0,0,1,1,0,1,0,1,0
1,1,1,1,1,0,0,1,1,1,0,0,0,1,0,1,1,0,1,1,0,1,1,0,1,1,0,0,1,1,1
0,0,1,0,1,1,0,1,1,0,1,0,1,0,1,0,0,0,0,0,0,1,1,0,1,0,0,0,0,1,0
0,1,1,0,0,0,1,1,1,1,1,0,1,1,1,1,0,0,0,0,1,1,0,0,0,0,1,1,0,1,0
0,0,0,0,0,1,1,0,0,0,1,1,1,1,0,0,1,0,0,1,1,0,0,1,1,0,0,0,1,0,0
0,1,0,0,1,0,0,0,1,0,1,0,0,0,0,0,0,1,1,1,0,0,1,1,0,1,1,0,1,1,0
0,1,1,0,0,1,0,0,0,0,0,0,1,0,0,0,1,0,0,1,1,0,0,1,0,1,1,1,1,1,0
1,1,1,1,1,1,0,0,1,1,0,1,0,1,1,0,1,1,0,0,1,1,1,0,1,1,1,0,1,1,1
0,0,0,0,1,1,1,1,1,1,1,1,0,1,1,0,1,1,1,0,0,1,0,0,0,0,0,1,1,1,0
0,0,1,0,1,1,1,1,1,1,1,0,1,0,1,1,1,1,0,0,0,1,0,0,0,0,0,1,1,0,0
1,1,0,1,1,1,0,0,1,0,0,1,1,0,0,1,0,0,1,1,1,1,0,0,0,0,1,1,1,0,0
0,0,1,1,0,0,0,1,1,1,1,1,1,1,0,0,1,0,1,0,1,0,0,1,1,1,0,1,1,1,0
0,0,0,0,1,0,0,0,1,1,0,1,0,0,1,1,1,1,0,0,1,0,1,0,0,1,1,1,0,1,0
1,1,1,0,0,1,1,1,0,0,0,0,0,0,0,0,0,1,1,0,0,1,1,0,1,1,1,0,0,1,0
0,1,0,1,1,0,0,0,0,1,1,1,0,1,0,1,0,1,0,0,1,1,0,0,1,1,0,1,0,1,0
0,0,1,1,0,0,0,1,0,1,1,1,1,1,0,1,1,1,1,1,1,0,0,1,0,0,0,0,0,1,0
1,0,0,1,0,1,1,0,1,0,0,0,0,0,0,1,1,0,0,1,1,1,1,1,0,0,0,0,0,1,0
1,0,0,0,1,1,1,0,1,0,0,1,1,1,0,0,1,1,1,1,0,0,1,0,0,1,0,0,1,1,0
0,1,0,0,1,1,0,0,0,1,1,1,0,1,0,1,0,1,0,1,1,0,1,0,1,1,0,0,1,1,0
1,1,0,1,1,0,0,1,0,1,1,1,0,1,0,1,1,0,0,1,1,0,0,1,0,1,0,0,1,1,0
1,1,0,0,0,1,1,1,1,0,0,1,1,1,1,1,0,1,1,0,1,1,0,1,0,1,1,0,1,1,1
0,1,1,1,1,0,1,0,0,1,0,0,1,1,0,1,1,0,0,1,1,1,0,1,1,1,0,1,1,1,0
0,0,0,1,1,1,1,1,0,0,0,0,1,0,1,1,1,0,0,1,0,0,0,1,0,1,1,1,1,0,0
1,1,1,1,0,0,0,0,1,1,0,1,0,0,0,1,1,0,1,0,1,0,0,1,1,0,0,1,1,0,0
0,0,1,0,1,1,1,0,1,1,0,0,1,0,0,0,1,1,1,0,1,0,1,0,1,1,1,0,0,1,0
1,1,1,1,0,1,1,1,0,0,1,1,1,0,0,1,0,0,1,1,0,0,0,1,0,0,0,0,0,0,0
1,1,1,0,1,0,1,1,1,1,1,1,1,1,1,1,0,1,0,0,1,1,0,1,0,0,1,1,0,0,0
0,1,0,0,1,1,1,1,1,1,0,1,0,1,0,1,0,0,0,1,1,0,0,1,0,1,0,0,1,1,0
1,1,0,0,1,1,1,0,1,1,0,0,0,1,1,0,1,1,1,1,1,1,0,1,1,1,0,1,1,1,1
1,1,1,0,0,0,0,0,0,0,0,0,1,0,0,0,0,0,0,0,0,0,1,1,0,0,0,1,1,1,0
0,0,1,0,0,1,1,0,1,0,0,0,0,0,1,1,0,1,0,0,0,0,0,0,1,1,1,1,1,0,0
0,1,0,0,0,1,0,1,0,1,1,0,1,0,1,1,1,1,0,1,1,0,0,0,1,1,1,0,0,1,0
1,1,0,0,1,1,1,1,0,1,0,1,0,0,1,0,0,1,0,0,0,0,0,0,0,1,0,1,0,1,0
0,0,1,1,0,1,1,0,0,0,1,1,1,0,0,0,1,0,0,1,0,0,0,1,1,1,1,0,1,1,0
0,0,0,0,1,1,0,0,0,1,1,0,1,1,1,1,0,0,0,0,0,1,0,0,0,1,0,1,1,1,0
1,0,0,0,0,0,0,0,1,0,0,1,0,1,1,1,0,0,1,0,1,0,1,1,0,1,0,0,0,1,0
0,1,0,0,1,1,1,1,1,1,0,1,0,0,0,0,1,0,0,0,1,1,1,0,0,0,0,0,1,0,0
1,1,0,0,0,1,1,1,1,0,1,1,1,1,0,1,0,0,0,1,0,0,1,0,1,0,0,1,0,0,0
0,0,1,0,1,1,1,0,0,0,1,0,0,1,0,1,1,0,1,1,0,0,1,0,0,0,1,0,1,0,0
0,1,0,0,0,0,1,1,0,1,0,0,0,1,1,1,0,0,0,1,0,1,1,1,1,1,1,0,1,0,0
1,1,1,1,0,1,0,1,1,0,0,0,1,0,1,0,1,0,0,1,1,0,1,1,1,1,0,0,0,1,0
1,0,0,1,1,1,0,0,0,0,0,0,0,1,1,0,0,0,1,1,1,1,0,1,0,1,0,0,1,1,0
1,1,0,1,1,1,1,0,1,1,0,1,0,1,0,0,0,0,0,0,1,1,0,0,1,1,1,0,1,0,0
1,0,0,0,1,1,1,0,0,0,1,0,1,1,1,0,0,1,0,0,0,0,0,1,0,0,0,0,1,1,0
1,1,0,0,1,1,1,1,0,0,0,1,1,1,1,1,1,0,1,0,0,0,1,0,0,1,0,0,0,1,0
1,0,1,1,0,0,0,0,1,1,1,1,0,0,1,1,0,1,0,0,0,0,0,1,1,1,1,1,1,0,0
1,0,1,0,1,0,1,1,0,0,0,1,0,1,1,1,1,0,0,0,1,1,0,0,0,0,0,1,1,0,0
0,0,0,0,0,0,0,1,1,0,1,1,0,1,1,0,1,0,0,0,1,1,1,0,1,1,1,1,0,0,0
0,0,0,0,1,0,1,1,1,0,1,0,1,1,0,1,0,0,0,0,0,1,0,0,1,1,1,0,1,1,0
0,0,0,1,0,1,0,0,1,1,1,0,1,0,0,1,0,0,0,0,1,0,0,0,1,0,1,0,1,0,0
0,1,0,0,0,0,0,1,1,1,1,1,1,0,1,0,1,1,1,1,1,1,1,0,0,1,0,1,0,0,0
0,1,1,0,0,0,1,0,0,1,1,0,1,0,0,1,1,0,1,0,0,1,1,0,0,1,0,0,1,0,0
0,0,1,0,1,1,0,1,1,1,0,1,1,0,0,0,1,1,1,1,0,0,0,1,0,1,1,0,0,1,0
0,1,1,1,0,0,0,1,1,1,1,0,0,0,1,1,1,0,1,0,0,1,0,0,1,1,0,0,0,0,0
1,0,1,1,0,0,1,1,1,0,1,1,1,0,1,0,1,0,1,1,1,1,1,1,1,1,0,0,0,1,1
1,0,1,1,0,0,1,0,1,0,0,1,1,1,1,0,1,0,0,0,0,0,1,0,0,1,1,0,1,0,0
1,0,1,1,0,1,0,0,0,1,1,1,1,1,0,0,1,1,1,1,1,1,0,1,0,0,1,0,0,1,0
0,0,1,1,0,0,1,0,0,0,0,0,0,1,1,1,1,0,0,0,0,0,1,0,0,1,0,1,1,1,0
1,0,0,1,1,1,0,0,1,0,0,1,0,0,0,0,0,0,1,0,0,0,0,0,1,0,0,1,1,0,0
1,1,1,1,0,0,1,1,1,0,1,1,0,0,0,0,1,0,1,1,1,0,1,0,1,0,0,0,0,1,0
1,0,1,1,0,1,0,0,0,0,0,1,1,0,0,0,0,0,0,1,1,0,1,0,1,0,1,1,1,1,0
1,0,0,0,1,1,0,1,1,1,0,0,1,1,1,1,1,0,0,0,1,0,0,1,0,1,0,0,1,1,0
1,1,0,1,0,0,1,1,1,1,0,0,0,0,0,0,0,0,1,1,0,1,0,0,0,0,1,0,0,1,0
0,1,0,1,1,1,1,0,0,0,1,0,1,1,1,1,1,0,0,0,1,0,1,1,1,0,0,1,1,0,0
0,0,0,0,0,0,1,1,0,1,0,1,1,1,0,0,0,1,1,1,0,1,1,0,1,0,1,0,1,1,0
0,0,0,0,1,0,1,1,1,0,1,1,1,0,1,0,0,1,1,0,0,1,0,1,1,1,0,1,0,0,0
0,1,1,1,1,1,1,0,0,1,0,1,0,0,0,0,1,0,1,1,1,1,1,0,0,0,0,0,1,1,0
1,1,0,1,1,1,0,1,1,0,0,0,1,1,1,1,0,1,0,1,0,1,1,1,0,1,0,0,1,0,0
0,1,1,1,1,1,0,1,0,1,1,1,0,0,1,1,1,1,0,0,0,0,1,1,1,1,0,1,1,0,1
0,0,1,0,0,1,0,0,0,1,0,1,0,0,0,0,1,1,1,0,1,0,1,0,0,0,0,1,0,0,0
1,1,1,1,1,1,1,0,1,0,0,0,1,0,1,0,0,0,0,1,0,1,0,0,1,1,1,1,0,0,0
0,0,0,0,0,1,1,0,1,0,0,0,1,1,1,0,0,0,1,0,0,1,1,0,0,1,1,0,1,1,0
1,1,1,0,0,0,0,0,1,1,0,1,1,0,1,1,1,0,0,0,1,1,0,1,0,0,1,0,1,0,0
1,0,1,0,0,1,1,0,0,1,0,1,1,1,0,1,1,1,1,0,0,1,1,1,0,1,0,0,1,1,0
1,0,0,1,1,1,0,0,1,1,0,0,1,0,1,1,0,1,1,1,0,1,1,1,0,0,1,0,0,1,0
1,1,1,0,0,0,0,0,0,0,1,0,1,0,1,1,0,0,1,1,1,0,0,0,1,0,0,1,1,1,0
1,0,1,0,1,0,0,1,0,0,0,0,0,0,0,0,1,1,1,1,1,1,0,1,0,0,1,1,0,0,0
1,1,0,1,1,0,0,1,0,0,0,0,1,0,0,0,0,1,1,0,1,0,0,0,1,1,0,1,0,1,0
0,1,1,1,1,0,0,0,1,1,0,0,0,1,1,0,0,1,0,1,0,1,1,1,1,1,0,0,1,1,0
1,1,1,1,0,1,0,1,1,1,0,0,0,0,0,1,0,1,1,0,1,1,1,1,0,0,1,1,0,0,0
0,0,1,1,0,1,1,0,0,0,0,1,1,0,1,0,1,1,1,0,1,0,0,1,1,0,1,0,0,0,0
1,0,0,1,0,0,0,0,0,1,0,1,1,0,0,0,0,0,0,0,0,0,1,1,1,1,1,0,0,1,0
1,1,0,1,0,1,0,0,0,1,1,0,0,0,0,0,0,1,0,1,0,1,0,0,0,1,0,1,0,0,0
1,0,1,1,1,1,0,0,1,0,0,1,1,1,0,0,0,0,0,0,0,1,0,0,0,1,0,0,0,0,0
0,1,0,0,1,0,1,1,0,1,1,1,1,1,1,0,1,0,1,0,0,1,0,0,0,0,1,1,1,0,0
0,0,0,0,1,1,0,1,0,1,0,0,1,0,0,1,1,0,1,1,0,1,0,1,0,0,0,1,0,0,0
1,1,1,1,0,1,1,1,0,0,0,0,0,1,0,1,1,1,0,0,1,0,1,0,1,1,0,1,1,0,0
1,0,1,1,1,0,1,1,0,1,1,0,0,0,0,1,1,1,1,1,0,0,0,0,1,0,0,0,1,0,0
1,1,0,0,0,1,1,0,0,1,1,1,0,1,1,0,1,0,1,1,0,1,1,1,0,1,1,1,1,0,1
0,0,0,0,1,1,0,1,0,1,0,0,0,1,0,1,0,1,0,1,0,0,0,0,1,1,0,1,0,0,0
0,0,0,0,0,0,1,0,0,1,1,1,0,0,0,1,1,0,1,0,0,1,1,0,1,1,0,1,0,0,0
0,0,0,1,1,1,0,0,0,0,0,0,1,1,0,0,0,0,1,0,1,0,0,1,1,0,1,0,1,1,0
0,0,1,0,1,1,0,1,0,1,1,1,1,1,1,0,1,1,1,1,1,0,1,1,1,0,1,0,0,1,1
0,0,1,0,0,0,1,0,1,1,1,1,0,0,1,1,0,1,1,0,0,1,0,1,1,1,0,1,0,0,0
0,1,1,0,0,1,0,0,0,1,0,1,0,1,1,1,0,0,1,1,1,0,0,1,0,1,0,1,1,1,0
0,0,0,1,1,0,0,1,1,0,1,0,0,1,0,1,0,0,1,1,0,0,1,1,1,1,0,0,1,0,0
1,0,1,0,1,1,0,1,0,1,1,0,1,0,0,0,1,1,0,0,1,0,0,1,1,0,1,1,1,1,0
0,0,0,1,1,0,0,0,1,1,1,1,1,0,0,0,1,1,0,0,1,1,1,1,0,1,1,1,0,0,0
0,0,0,1,1,1,1,0,1,0,1,0,1,1,0,1,1,0,0,0,1,0,0,0,1,0,1,0,1,0,0
1,1,0,0,1,1,0,1,0,1,1,0,0,0,1,0,1,1,1,1,1,0,1,0,0,1,1,0,1,0,0
1,1,0,1,0,0,1,0,1,1,1,0,0,0,0,0,0,1,0,1,1,1,1,0,0,0,1,0,1,1,0
0,0,0,0,1,0,0,0,0,0,1,1,1,0,0,0,1,0,1,0,1,1,1,1,1,1,0,1,1,0,0
1,1,1,1,0,0,0,1,1,1,0,0,1,0,1,0,0,0,0,0,0,1,1,1,0,1,0,0,0,1,0
0,1,1,1,1,0,1,0,0,1,0,0,1,1,1,1,0,1,0,1,1,0,0,0,0,0,0,1,1,0,0
1,0,1,1,1,0,0,1,0,0,0,0,1,0,1,1,1,0,1,0,1,0,0,0,1,1,1,1,1,0,0
0,1,0,0,1,1,1,1,1,1,0,1,1,0,0,1,0,0,0,0,0,0,1,0,0,0,1,1,1,0,0
0,0,0,0,1,0,1,0,1,1,1,0,0,1,0,1,1,1,1,0,1,1,0,1,0,1,1,1,0,1,0
1,1,0,0,0,0,0,1,0,1,0,0,0,1,1,0,0,1,0,0,1,1,1,0,0,0,0,0,0,0,0
0,0,0,1,0,0,1,1,0,0,1,1,0,1,1,1,0,0,1,1,0,1,1,1,0,1,1,1,1,1,0
0,0,0,1,0,1,0,0,0,1,0,0,1,0,0,0,0,1,1,1,0,1,1,0,1,1,1,0,0,0,0
1,1,0,1,1,1,1,0,0,1,0,1,1,0,1,1,0,1,0,1,0,0,0,0,1,0,1,0,0,0,0
1,0,1,1,1,0,1,1,0,0,0,0,0,1,1,0,0,1,1,0,0,0,0,0,0,0,1,0,0,0,0
0,1,1,0,0,1,0,0,0,1,1,0,0,0,0,0,1,1,0,0,1,1,1,1,0,0,0,1,0,1,0
0,0,1,0,0,0,0,1,1,1,0,1,0,0,0,1,0,1,1,0,0,1,1,1,1,0,0,0,1,1,0
0,1,1,1,0,0,1,1,0,0,1,1,1,0,1,0,1,1,0,1,0,1,1,0,0,1,1,1,1,0,0
1,1,1,1,1,0,0,0,1,0,0,1,0,1,1,1,0,0,1,0,1,1,0,0,1,1,1,0,0,0,0
1,1,1,1,1,0,1,1,0,0,1,1,0,1,1,1,0,1,0,0,1,1,1,1,0,1,1,1,0,0,1
1,1,1,0,0,0,1,1,1,1,1,1,1,1,0,1,1,0,0,0,0,1,1,1,0,0,1,1,0,1,0
1,0,1,1,1,0,1,1,1,1,1,1,0,0,1,0,1,1,0,1,0,1,0,1,0,0,0,1,1,0,0
0,1,0,0,0,0,1,0,0,0,1,0,0,1,0,0,1,0,0,0,1,0,0,0,0,0,1,1,1,1,0
1,1,1,0,1,0,0,0,0,0,1,1,0,1,0,1,1,0,0,0,1,0,0,1,1,1,0,1,0,0,0
1,0,0,1,1,1,1,1,0,0,0,0,1,1,1,0,0,1,1,1,0,1,1,1,1,1,0,0,0,1,0
0,1,1,1,0,1,0,0,1,1,1,1,0,0,1,1,1,0,1,1,0,0,0,1,1,0,1,0,1,1,0
0,0,1,0,0,0,0,0,0,1,1,0,1,0,1,0,1,0,1,1,0,0,0,0,0,0,1,1,1,1,0
0,1,0,0,1,0,0,1,1,1,1,0,1,0,1,1,1,0,0,1,0,1,0,1,1,0,0,0,0,0,0
1,1,0,0,0,1,1,1,0,1,0,1,1,1,1,1,0,0,0,1,0,1,0,0,0,0,0,1,1,0,0
1,1,0,0,1,0,1,1,1,1,0,1,1,1,1,1,1,1,1,0,1,1,1,1,0,1,0,0,0,1,1
0,0,0,1,1,1,0,0,0,0,1,1,1,1,1,1,0,1,0,0,0,0,0,0,0,1,0,0,1,0,0
0,1,1,1,0,0,0,0,1,1,1,0,1,0,0,1,0,0,1,1,1,1,0,0,1,1,1,0,1,1,0
1,0,0,0,1,0,0,1,0,1,0,0,0,1,1,1,0,0,0,0,0,0,1,1,1,0,0,1,0,0,0
0,1,1,0,0,1,1,1,1,0,0,1,0,1,1,1,0,1,0,0,1,1,0,0,0,0,1,1,0,0,0
0,1,0,0,1,1,1,1,0,1,0,0,0,0,0,1,1,0,0,0,1,0,0,0,0,0,1,0,1,1,0
1,0,1,1,0,1,0,0,1,1,1,0,1,0,1,0,1,1,0,0,0,0,1,0,0,0,0,0,0,1,0
1,1,1,1,0,1,0,1,1,0,1,1,1,1,1,1,1,0,0,0,0,0,1,0,0,0,0,0,1,1,0
0,1,1,0,1,0,1,0,1,1,0,1,1,1,1,0,0,1,1,1,1,1,1,1,0,0,1,0,0,1,1
1,0,1,0,0,0,0,0,0,1,0,1,0,1,0,1,0,0,1,0,1,1,0,0,1,1,1,0,0,0,0
0,1,1,0,0,1,1,1,0,0,1,1,1,0,1,0,1,0,1,0,0,0,0,1,0,0,1,1,0,1,0
1,1,0,0,0,1,1,1,1,0,0,0,1,0,1,1,0,1,0,1,0,0,1,0,1,0,1,1,1,1,0
1,1,1,1,0,0,1,1,0,1,0,0,0,0,0,1,1,1,1,0,0,0,1,0,0,0,1,1,0,1,0
1,0,1,1,0,1,1,0,0,0,1,1,1,0,0,0,0,0,0,0,1,0,1,1,0,1,0,1,0,0,0
0,1,0,0,1,0,0,0,1,0,1,1,0,0,1,0,1,1,0,0,0,1,1,1,1,1,0,1,1,1,0
1,1,1,1,1,0,0,1,0,0,1,0,0,0,0,1,1,0,1,1,0,0,1,0,1,0,0,0,0,0,0
0,1,0,1,1,1,0,1,0,1,0,1,0,1,0,0,0,0,0,1,1,1,1,0,1,0,1,0,1,1,0
1,0,0,0,1,0,0,1,0,0,0,1,0,0,0,0,1,1,1,0,1,1,0,0,0,0,1,0,0,0,0
1,1,0,1,0,0,0,0,1,1,1,0,1,0,1,0,1,1,0,1,0,1,0,1,0,0,1,0,1,1,0
1,1,0,1,0,1,0,1,0,1,1,1,0,0,0,1,0,0,0,0,0,0,0,1,1,1,1,1,0,1,0
0,1,0,0,0,1,0,1,1,1,1,1,1,1,0,0,1,0,0,1,0,1,1,0,0,1,1,1,0,1,0
1,0,0,0,1,0,0,1,0,0,1,1,0,0,1,1,1,1,0,1,0,0,0,1,1,0,1,0,0,1,0
0,0,0,0,1,1,1,0,0,0,0,0,1,0,0,0,1,0,0,1,0,0,0,0,1,1,0,1,1,1,0
1,0,0,0,0,1,1,0,0,1,0,0,1,1,0,1,0,0,0,1,0,1,0,0,0,0,1,0,0,0,0
0,1,1,0,0,0,1,0,0,1,0,1,1,0,0,0,0,0,0,1,0,1,1,0,0,0,0,0,0,0,0
1,0,0,1,0,0,1,1,0,1,1,0,1,0,1,0,1,1,1,1,1,1,0,1,1,1,1,0,1,0,0
0,0,0,1,1,1,1,0,1,0,1,0,1,1,0,0,0,0,0,1,0,0,1,0,1,1,1,0,1,0,0
1,1,0,0,1,0,1,0,1,1,0,1,1,1,1,0,0,1,1,1,0,0,1,1,0,1,0,1,1,1,1
0,0,1,1,0,1,1,0,1,1,1,1,0,1,0,0,1,0,1,1,0,0,0,1,1,0,0,1,1,1,0
0,1,1,0,1,0,0,0,0,1,1,1,0,1,0,0,1,0,0,0,0,0,1,0,0,1,1,0,1,1,0
1,0,0,1,1,1,0,1,1,0,1,1,1,0,1,0,0,0,1,1,0,1,1,1,1,0,1,0,0,1,0
0,0,0,0,1,1,0,0,0,0,1,1,0,0,0,1,1,1,0,1,1,0,0,0,1,0,1,0,0,1,0
0,0,0,0,0,0,0,0,1,0,1,1,0,0,1,0,0,0,1,1,1,1,1,0,0,1,0,0,1,1,0
1,1,1,0,1,1,1,1,1,1,0,1,0,0,1,1,0,1,0,0,1,0,1,1,1,0,1,0,0,0,0
0,0,0,1,1,0,1,1,0,1,1,0,0,0,0,0,0,1,0,0,0,1,1,0,0,1,0,0,0,0,0
0,0,0,1,1,0,0,1,1,1,0,1,1,1,0,1,1,0,1,1,1,1,0,0,0,0,1,1,1,1,0
0,0,1,1,1,1,1,0,0,1,0,1,0,1,0,0,0,1,0,1,0,1,0,0,0,0,1,0,1,0,0
0,1,1,1,1,1,0,0,1,1,1,0,1,1,1,1,1,0,1,0,0,0,0,0,0,1,0,1,0,0,0
1,0,1,1,1,1,0,1,1,0,1,1,1,0,1,1,1,0,1,1,1,0,0,0,0,1,1,1,0,1,1
1,1,0,1,1,1,0,1,0,1,0,0,0,1,1,0,0,1,0,0,0,0,0,1,0,0,1,0,1,0,0
0,1,1,0,0,1,0,1,0,0,0,1,1,1,1,1,0,1,1,1,0,1,1,0,1,1,1,1,0,1,0
1,1,0,1,0,0,1,0,0,1,0,0,0,0,0,1,0,0,0,0,1,0,1,0,1,0,1,0,0,0,0
0,0,0,0,1,0,0,0,0,0,0,0,0,1,0,1,0,1,1,1,0,0,0,1,1,0,1,0,1,1,0
0,0,1,0,1,1,1,1,0,1,0,1,0,1,1,0,0,1,0,0,1,0,1,0,0,0,1,0,1,1,0
1,0,1,1,0,0,0,1,1,1,1,0,0,1,0,0,0,1,1,0,0,0,1,0,1,1,0,0,1,1,0
0,0,1,0,1,1,1,1,1,0,0,1,0,0,1,0,1,0,1,1,0,0,0,0,0,1,1,1,1,1,0
1,0,1,0,1,0,0,1,1,0,0,0,1,0,0,1,1,0,0,0,1,0,0,0,0,0,0,1,0,0,0
1,1,0,0,1,0,0,0,1,1,1,1,1,1,1,0,0,0,0,1,0,0,0,1,1,1,1,1,0,1,0
1,0,0,0,1,0,0,1,1,1,1,0,1,0,1,0,1,0,0,1,1,0,1,0,0,1,1,0,1,0,0
1,0,1,1,0,0,1,1,1,0,0,0,1,1,0,1,0,0,1,0,1,0,1,0,0,1,0,1,1,1,0
0,1,1,0,1,1,1,1,1,0,0,1,0,0,0,1,0,0,1,1,1,0,0,1,1,1,1,1,1,1,0
1,0,0,0,1,1,0,1,0,1,0,0,0,0,0,0,0,1,1,0,1,0,1,1,1,1,0,0,0,0,0
1,0,1,0,0,1,0,1,0,1,0,1,1,1,1,1,1,0,0,0,0,1,1,0,1,0,1,0,1,0,0
1,0,0,0,1,0,1,0,0,0,0,0,0,0,1,1,1,1,1,0,1,1,1,1,0,0,1,0,1,1,0
1,0,0,0,1,1,0,1,0,0,0,1,1,1,1,1,0,1,0,1,1,1,0,1,0,0,1,1,1,1,0
0,0,1,0,0,0,0,0,1,1,1,0,0,0,0,1,1,1,1,0,1,1,0,0,0,0,0,1,0,1,0
0,1,0,0,1,1,0,0,0,1,1,0,1,1,0,0,0,1,0,0,0,1,1,1,1,0,0,1,1,1,0
1,1,0,0,0,1,1,1,0,0,0,0,0,1,0,1,0,1,0,0,0,0,0,0,0,0,1,0,0,0,0
0,1,1,1,0,0,0,1,1,0,0,1,1,0,1,1,0,1,0,1,0,0,1,1,1,0,0,1,1,0,0
0,0,1,1,1,0,1,0,1,1,0,0,0,0,1,0,0,1,1,0,0,0,1,0,1,0,1,1,0,1,0
0,0,0,1,1,1,0,0,1,0,1,0,0,0,1,0,1,0,0,0,1,0,0,1,1,1,1,1,1,1,0
0,0,0,1,1,0,0,1,0,1,0,0,1,0,1,1,0,0,0,0,1,1,1,1,1,0,1,1,1,1,0
1,0,1,1,0,1,1,0,1,0,0,0,0,0,1,1,1,0,0,1,0,1,1,1,1,1,1,1,0,1,0
0,1,1,0,1,0,0,1,1,1,1,1,1,0,0,1,1,1,0,0,0,1,1,0,0,1,0,1,0,1,0
1,1,1,0,0,1,1,0,1,0,0,1,0,0,1,1,1,0,0,1,1,0,1,1,0,0,0,0,0,1,0
1,0,0,1,0,1,1,0,0,0,0,0,1,0,0,0,1,0,1,1,1,0,1,1,0,1,0,1,1,1,0
0,0,0,0,0,1,1,0,0,1,0,1,1,1,0,1,0,0,0,1,1,1,0,0,1,0,1,1,1,0,0
1,0,0,1,0,1,0,1,0,1,0,0,1,0,0,0,0,0,1,0,1,0,1,1,0,0,0,0,0,1,0
0,0,0,0,0,1,1,1,0,1,1,0,1,1,0,0,1,1,1,1,1,1,0,1,1,1,0,0,1,1,0
1,0,1,0,1,1,1,1,1,0,1,0,1,1,0,0,1,0,0,1,1,1,0,1,0,0,0,0,1,1,0
0,1,0,1,1,0,1,0,0,0,1,1,0,1,0,1,1,0,0,0,0,1,0,1,0,0,0,0,0,0,0
1,1,1,1,0,0,0,0,1,1,0,0,1,1,1,0,0,0,0,1,0,0,1,1,1,0,0,0,0,0,0
0,0,1,1,0,0,1,1,0,0,0,0,0,1,1,1,0,1,0,0,0,0,1,0,1,1,0,1,1,0,0
1,0,0,1,0,0,1,0,0,1,0,0,1,0,0,0,1,1,1,1,0,1,0,0,0,0,0,1,1,1,0
1,1,0,1,0,1,1,0,1,0,0,1,1,1,1,1,0,1,0,0,0,1,1,1,1,0,1,1,1,0,1
0,0,1,0,1,1,1,1,1,0,0,1,0,0,1,0,0,1,0,1,0,1,0,0,1,1,0,1,1,1,0
0,1,0,1,0,1,0,0,1,1,1,1,1,0,1,1,1,1,1,0,0,1,0,1,1,0,0,1,0,0,0
0,1,0,1,1,1,1,0,0,0,1,1,0,0,1,1,1,1,1,0,1,1,1,0,0,1,0,0,0,1,0
1,0,1,0,1,1,0,0,1,0,1,0,0,1,1,1,0,1,0,1,0,0,0,1,0,0,1,1,1,0,0
1,1,1,0,0,1,0,0,1,0,0,0,1,0,1,0,0,1,1,1,0,1,0,1,0,1,0,0,0,1,0
1,1,1,1,0,0,1,1,0,0,1,1,1,0,0,1,0,1,1,1,0,0,0,0,1,1,1,1,1,0,0
1,0,0,0,1,0,1,1,1,0,0,0,1,0,1,0,0,1,0,0,0,1,0,1,1,1,0,0,0,1,0
0,1,1,0,0,0,1,1,1,1,0,1,0,1,1,1,0,1,0,0,1,0,1,1,0,0,0,1,0,1,0
1,0,0,1,0,1,1,1,0,0,1,0,1,0,1,0,1,0,0,1,1,1,1,0,0,0,1,1,0,0,0
0,0,0,1,0,0,0,1,0,0,0,1,1,1,0,0,1,0,1,1,0,1,1,0,0,1,1,0,0,1,0
0,1,1,1,0,0,1,0,1,1,1,1,0,1,0,0,1,0,1,1,0,1,0,0,1,1,0,0,1,0,0
1,1,1,1,0,1,1,1,1,0,1,1,0,0,0,0,1,0,0,0,1,0,0,0,1,0,0,0,1,0,0
0,0,1,0,0,0,1,0,1,0,0,1,0,1,0,1,0,0,1,0,0,1,1,1,1,1,1,0,0,1,0
1,0,1,0,0,1,0,1,1,1,1,1,0,0,1,0,0,1,0,0,0,0,0,1,0,1,0,0,0,0,0
0,0,1,1,1,1,1,1,1,0,1,0,1,0,0,1,1,1,1,0,1,1,1,1,0,1,1,0,0,1,1
1,1,1,1,1,1,1,1,0,1,1,0,0,0,1,0,1,0,0,1,0,1,1,1,1,0,0,0,0,0,0
1,1,0,1,0,1,1,0,0,0,0,1,1,1,1,1,1,0,1,1,1,0,0,1,0,0,1,1,0,0,0
1,0,0,1,1,0,0,1,0,1,0,1,0,1,0,1,1,0,1,0,1,1,1,0,1,1,0,1,1,0,0
1,0,0,1,1,1,1,1,0,0,0,0,0,0,1,0,0,1,0,1,0,0,0,1,0,0,1,0,0,0,0
1,1,1,1,0,0,0,1,0,0,0,0,1,0,1,1,0,1,0,1,1,1,1,0,1,1,1,0,1,1,0
1,1,1,1,0,1,1,1,0,0,1,0,0,0,0,1,1,0,1,1,1,1,0,1,0,1,0,1,0,0,0
0,0,1,1,1,1,0,1,1,1,1,0,0,0,0,0,1,1,1,1,0,1,1,1,0,1,0,1,1,0,0
1,1,1,1,1,1,1,0,1,0,0,1,1,0,0,1,1,1,1,0,0,0,0,0,1,1,1,1,0,0,0
0,0,1,0,0,1,1,0,1,1,0,1,1,0,0,0,1,0,1,0,0,1,1,0,1,0,1,0,0,0,0
0,0,0,1,0,1,1,0,0,1,0,1,0,1,1,0,0,1,0,0,1,1,0,0,0,1,1,1,1,1,0
1,0,1,1,0,1,0,1,1,0,0,1,0,1,1,1,1,1,0,0,1,1,0,1,0,1,1,1,1,1,1
1,0,1,0,1,1,1,0,1,0,0,0,1,1,1,1,1,0,1,0,1,0,0,0,0,0,1,0,0,0,0
1,0,0,0,0,1,1,1,1,0,0,0,0,0,0,0,1,0,1,1,1,1,1,0,0,1,0,0,1,1,0
0,1,0,0,1,1,1,1,0,0,1,0,1,0,1,0,0,0,1,1,0,0,1,0,0,1,1,1,0,0,0
0,0,1,0,1,0,0,0,0,1,0,1,0,0,0,0,1,0,1,0,0,0,1,1,0,1,1,0,0,0,0
1,1,1,1,1,1,1,0,1,0,1,0,0,1,1,1,1,1,1,1,1,1,0,1,0,0,0,0,0,1,1
1,1,0,1,0,0,0,0,1,1,0,0,1,1,0,1,0,0,0,1,1,0,1,0,0,1,1,0,1,0,0
1,1,1,1,1,0,1,0,0,1,1,1,0,0,0,0,0,1,0,1,1,1,0,0,0,0,1,0,0,0,0
1,0,1,1,0,0,1,0,0,1,1,1,0,0,1,1,0,0,1,1,1,1,1,0,1,0,1,0,0,1,0
1,1,0,1,0,1,0,0,1,0,1,1,1,0,0,1,0,0,0,0,0,0,0,0,0,0,0,0,0,1,0
1,0,0,1,1,1,0,1,0,0,1,1,0,1,0,0,0,1,0,0,0,0,1,0,1,0,0,1,1,0,0
0,0,1,1,1,0,0,0,0,1,1,1,0,1,0,0,1,1,1,1,1,0,0,0,0,0,1,1,1,1,0
0,1,0,0,1,1,0,1,1,0,0,1,1,0,0,1,1,0,0,1,0,1,1,0,0,0,0,1,1,0,0
1,1,0,0,1,1,1,1,0,1,0,1,0,1,1,0,1,1,0,0,0,0,0,1,0,0,1,0,1,1,0
1,1,0,0,0,1,1,0,0,0,1,1,0,1,1,1,1,0,0,1,0,1,1,1,0,1,0,0,0,0,0
0,0,0,0,0,0,1,1,0,0,0,1,0,0,0,1,1,1,1,1,0,0,0,1,1,0,1,0,1,1,0
0,1,0,1,0,0,0,0,0,1,0,1,1,1,1,0,1,1,0,0,1,1,0,1,1,1,0,0,1,1,0
1,0,1,1,1,0,1,1,0,1,0,1,1,0,0,1,0,0,0,1,0,1,0,0,1,1,0,1,1,0,0
1,0,0,0,0,1,1,0,1,0,0,0,1,0,1,0,1,1,0,0,0,0,0,0,1,1,1,0,1,0,0
0,1,1,1,0,0,0,0,0,0,1,0,1,1,0,1,1,1,0,1,1,1,0,0,0,1,0,0,0,1,0
0,1,1,1,1,0,1,1,1,1,1,0,0,1,1,0,0,1,1,1,0,0,1,1,1,0,0,1,0,1,0
0,0,0,1,0,1,1,1,0,1,0,1,0,0,0,0,0,0,0,1,0,1,0,1,1,1,1,0,1,0,0
1,1,0,0,1,0,0,1,0,0,1,1,1,0,0,0,0,0,1,1,1,0,1,0,0,1,0,0,1,0,0
0,1,1,0,0,0,1,1,0,0,0,0,1,1,1,0,1,1,1,1,1,0,0,0,0,0,0,1,0,0,0
1,0,0,1,1,0,1,0,1,1,1,0,1,0,1,1,1,1,0,1,1,1,0,0,1,1,0,0,0,1,0
1,0,0,0,1,1,1,1,1,1,0,0,1,1,0,1,1,0,0,1,0,1,1,0,1,0,1,0,0,1,0
0,1,0,0,0,0,1,0,1,0,0,0,0,1,1,0,0,1,0,0,1,0,0,1,1,0,0,1,0,0,0
0,1,0,1,1,1,0,0,0,1,0,1,1,1,1,0,1,1,0,1,0,1,1,1,1,1,1,0,1,0,1
0,0,0,1,0,0,0,0,1,1,0,0,1,0,0,0,0,0,0,0,1,0,1,0,0,1,1,0,1,0,0
0,0,1,0,1,1,0,1,0,0,0,0,1,0,1,0,0,0,0,0,0,0,1,0,0,0,1,1,1,0,0
1,0,0,1,0,1,0,0,0,0,0,0,0,1,0,1,0,0,0,0,1,0,0,1,0,0,0,1,1,0,0
0,1,1,1,1,1,0,0,1,0,1,0,1,1,0,1,1,0,1,1,0,0,0,1,0,1,0,0,1,1,0
0,0,0,0,0,0,0,0,0,1,1,0,1,1,0,0,1,1,1,0,0,1,0,1,1,1,0,1,1,0,0
1,0,1,0,0,0,0,1,0,1,0,0,1,1,1,0,0,0,1,0,1,0,0,0,1,0,0,1,0,0,0
0,1,0,0,0,0,1,1,1,1,1,0,1,0,0,0,0,1,0,1,1,1,1,0,1,0,0,1,0,1,0
1,1,1,1,0,1,1,1,0,0,1,0,1,0,0,0,1,0,0,0,0,1,0,0,0,1,0,1,0,1,0
1,0,1,0,0,0,0,0,1,0,1,1,1,1,0,0,1,1,1,1,0,0,1,1,1,0,1,0,0,1,0
0,1,1,0,0,1,0,0,1,1,0,0,0,0,1,1,1,0,1,0,1,0,0,1,0,1,0,1,1,0,0
1,0,1,1,0,1,1,1,1,1,0,1,1,0,1,0,1,0,0,1,1,0,0,1,1,1,1,0,0,0,0
1,0,1,0,1,0,1,1,1,1,1,1,0,0,0,1,0,1,1,1,0,0,1,1,0,1,1,1,1,1,1
1,0,0,0,0,1,1,1,0,1,1,1,0,0,1,0,1,1,0,0,0,1,0,1,1,1,0,1,1,0,0
0,1,1,0,0,0,1,1,1,0,0,0,0,0,0,1,1,0,1,0,0,1,0,0,1,1,1,0,1,1,0
1,1,1,1,1,1,0,0,1,0,1,0,1,0,1,0,1,1,0,0,1,1,1,1,1,1,0,1,0,0,1
0,1,1,1,1,0,1,0,1,1,1,0,0,0,1,0,1,1,1,1,0,0,1,1,1,0,0,0,1,0,0
1,0,0,0,0,0,0,0,1,0,0,0,0,1,1,0,1,0,0,1,0,0,0,1,0,1,1,1,1,0,0
1,1,0,0,1,0,1,0,1,1,1,1,1,1,0,1,1,0,0,0,1,1,0,0,0,1,1,1,1,1,1
1,0,0,0,1,1,0,1,0,0,1,0,0,0,1,1,1,1,0,1,0,1,1,0,1,1,0,0,0,0,0
0,1,1,0,0,0,0,1,0,0,1,0,1,1,1,0,1,0,0,0,0,0,0,1,1,0,1,0,1,0,0
0,1,1,0,1,0,0,1,0,1,0,0,1,1,1,1,0,1,1,1,0,0,1,0,0,0,1,1,0,0,0
1,1,1,0,0,1,1,0,1,0,0,0,1,0,1,1,0,0,1,0,1,1,1,1,0,0,0,1,0,0,0
1,0,1,1,1,0,1,0,1,1,0,0,1,1,1,0,0,1,1,1,0,1,0,1,0,1,1,0,0,0,0
1,1,1,0,0,1,0,0,1,0,0,1,0,1,0,0,1,1,1,1,0,0,1,1,0,1,1,0,0,1,0
1,0,0,1,1,1,0,1,1,1,1,0,0,1,1,0,1,1,1,0,1,1,1,1,0,1,0,0,0,0,0
0,0,0,0,0,0,1,1,0,1,0,1,1,0,0,1,0,1,1,1,0,0,0,1,1,0,1,0,0,1,0
0,0,0,0,1,1,1,1,0,1,1,0,1,1,0,0,1,1,0,1,0,1,0,1,0,0,0,1,0,0,0
0,1,0,0,0,0,0,1,0,1,1,0,0,1,1,0,0,0,1,1,0,1,1,1,0,0,1,0,1,0,0
0,0,0,0,1,0,0,0,0,1,1,1,1,0,0,1,0,1,0,1,1,0,1,1,0,0,1,1,0,1,0
1,0,0,1,0,1,0,0,1,0,1,1,1,1,0,1,0,1,1,0,0,1,0,1,1,0,0,0,1,0,0
1,1,0,0,1,1,0,1,0,1,1,1,1,1,1,0,1,1,1,0,0,1,0,1,0,1,0,0,0,0,0
1,0,1,1,0,1,0,1,1,0,1,1,1,1,0,0,1,0,1,0,0,0,1,0,0,0,0,1,0,0,0
0,0,1,0,0,1,0,1,1,0,1,0,1,1,1,1,0,1,1,0,1,1,0,1,0,1,0,0,1,1,0
0,0,1,1,1,1,1,0,1,1,0,0,1,1,0,0,1,0,1,0,1,1,0,1,1,0,0,0,1,0,0
0,1,1,0,0,0,0,0,1,1,1,1,1,1,1,1,0,0,0,0,0,1,1,0,1,1,1,1,1,0,0
1,1,0,0,0,0,1,0,1,1,1,0,0,0,1,0,0,0,0,0,0,0,0,0,1,0,0,0,1,1,0
0,1,0,0,1,1,1,0,0,1,1,0,1,1,1,1,0,1,0,1,0,1,1,0,1,0,1,1,0,0,0
0,1,1,1,0,0,0,1,1,1,1,1,1,0,1,1,0,0,0,1,0,0,1,0,0,1,1,1,0,0,0
1,0,0,1,1,1,0,1,1,0,1,1,0,0,0,1,1,1,1,1,0,0,0,0,0,1,1,0,1,0,0
1,1,0,1,0,0,1,1,1,1,1,1,0,0,0,0,1,1,0,1,0,0,1,0,1,0,0,1,1,1,0
0,1,0,0,0,0,1,1,0,1,1,0,0,1,1,1,0,0,1,1,1,0,1,0,0,1,1,0,0,1,0
0,1,0,1,1,0,0,0,1,0,0,0,1,1,0,1,0,1,0,1,0,0,1,1,0,0,1,0,1,0,0
0,1,1,1,1,1,1,1,1,0,1,0,1,1,1,0,0,1,0,1,1,0,1,0,0,0,1,1,0,0,0
0,0,0,1,0,1,0,0,0,0,1,0,0,1,0,0,1,1,1,1,0,0,0,1,0,0,1,0,0,0,0
0,0,0,0,0,1,0,0,1,1,0,1,0,0,1,1,0,1,0,1,0,1,0,1,0,0,0,0,1,0,0
1,1,1,1,1,0,1,1,0,0,1,0,0,0,0,1,0,1,0,0,0,0,1,0,1,0,0,1,0,0,0
0,0,0,1,0,0,1,1,1,0,1,0,1,0,1,0,0,0,0,1,1,0,0,1,1,0,0,0,0,1,0
0,1,0,0,0,1,0,0,1,1,1,1,0,0,1,0,0,1,1,1,1,0,0,0,0,1,0,1,0,1,0
1,0,1,0,1,1,1,0,0,1,1,1,1,1,1,0,0,0,1,0,0,1,1,0,1,0,0,0,0,1,0
1,0,0,0,0,1,0,1,0,0,0,0,0,1,1,0,1,1,0,0,0,0,0,0,0,1,0,1,1,0,0
0,1,1,0,1,0,0,1,1,1,1,1,1,1,0,0,1,0,1,0,1,0,0,1,1,0,0,1,0,0,0
1,0,0,1,0,1,1,1,0,0,1,1,0,0,1,1,1,1,1,0,1,1,0,1,0,1,0,1,0,0,0
1,0,0,0,0,1,1,1,1,0,1,1,0,0,1,0,1,0,0,0,1,0,0,0,0,1,1,0,0,1,0
1,1,1,1,0,0,0,0,1,1,0,0,1,0,1,1,1,1,1,1,1,0,0,0,0,1,1,0,0,1,0
0,1,1,1,0,1,0,0,1,0,0,1,1,0,0,0,1,0,0,1,0,1,0,1,1,0,0,1,1,0,0
1,1,0,0,0,0,0,1,0,1,1,0,0,1,1,0,0,0,0,0,0,0,0,1,1,1,0,1,0,0,0
1,0,1,0,1,1,1,1,1,0,0,1,0,0,1,1,0,0,0,0,0,1,1,1,0,1,1,0,0,1,0
1,1,1,1,0,1,1,1,1,0,1,1,1,0,1,0,0,0,0,1,0,0,0,0,1,1,1,0,1,1,0
1,1,1,0,0,0,1,0,1,0,0,1,0,1,1,1,0,1,1,1,0,1,0,1,1,1,0,1,0,1,0
0,1,0,0,0,1,0,0,1,0,0,0,0,1,0,1,1,1,1,1,1,1,0,0,0,1,1,1,1,0,0
1,1,1,0,1,1,1,0,1,1,0,1,1,1,1,1,1,0,0,0,0,1,0,1,0,1,1,0,1,0,0
0,0,0,0,1,1,1,1,1,0,0,0,1,0,1,0,1,1,0,0,1,0,0,1,1,0,1,0,1,1,0
1,1,1,1,1,1,0,0,0,1,1,1,1,1,0,1,1,0,0,1,0,1,0,1,1,0,0,0,0,1,0
0,1,1,1,1,0,0,0,1,1,0,1,0,1,0,1,0,1,1,0,0,1,1,1,1,0,1,0,0,1,0
1,1,0,0,0,0,1,0,1,1,0,1,1,1,1,1,1,1,0,0,0,1,0,1,1,0,0,1,1,1,0
1,1,1,1,1,0,0,1,1,1,1,1,1,0,1,1,1,0,1,0,1,1,1,1,0,1,0,0,1,1,1
0,1,0,0,1,1,1,0,0,0,0,0,1,1,0,1,0,0,0,1,0,1,1,1,0,1,0,1,0,0,0
0,1,0,0,1,0,1,0,0,0,0,0,0,0,0,0,1,1,0,0,1,1,1,1,1,1,1,1,0,1,0
1,1,0,0,1,0,1,1,0,0,0,0,0,0,0,1,0,0,1,0,1,1,1,1,0,1,1,1,0,0,0
1,1,1,1,0,1,0,1,1,0,0,0,1,1,0,1,1,0,0,0,0,0,0,1,1,0,0,0,1,0,0
0,1,1,0,1,0,1,1,0,1,0,0,0,1,0,1,0,1,1,0,1,0,0,0,1,0,1,1,1,0,0
1,1,0,1,0,1,0,0,1,1,0,0,0,1,0,0,1,0,1,1,1,1,0,0,0,0,1,1,1,1,0
0,1,0,1,0,0,1,1,0,0,1,1,0,1,0,1,1,1,0,0,0,0,1,0,1,0,0,0,1,0,0
1,1,0,1,1,0,1,0,1,0,0,1,1,1,0,1,0,1,0,0,1,0,0,1,0,0,0,1,0,1,0
1,1,1,0,1,1,1,1,0,1,1,1,1,0,0,0,1,0,1,1,1,1,0,0,1,0,0,1,1,1,1
1,0,1,0,0,1,0,1,1,0,1,0,0,1,1,0,1,0,0,1,1,1,0,0,0,1,1,0,1,1,0
0,1,0,1,0,0,1,1,0,1,1,0,0,0,1,1,0,1,0,0,0,0,0,1,0,1,0,0,1,0,0
1,0,1,1,1,0,1,1,0,0,1,1,0,0,1,0,1,1,1,1,1,1,0,0,0,0,1,1,1,1,1
0,0,0,0,0,0,1,0,0,1,1,1,1,0,0,1,0,1,1,0,1,1,1,0,0,0,1,1,1,0,0
0,0,0,1,0,0,0,1,1,1,1,1,1,1,0,0,0,1,1,0,1,1,0,0,1,1,1,1,0,1,0
0,0,1,1,1,1,0,1,0,1,0,1,1,0,1,1,0,1,1,0,0,1,1,1,1,1,1,1,0,1,1
0,0,1,1,0,0,0,0,1,0,1,0,0,1,0,1,1,0,0,1,0,0,0,0,0,1,1,1,1,1,0
1,1,1,1,0,1,0,0,1,0,1,1,0,0,1,1,0,0,0,0,0,1,0,0,1,0,1,1,0,1,0
0,0,0,1,0,1,0,0,1,1,1,1,0,1,0,1,0,1,1,0,1,0,0,0,1,0,1,1,0,0,0
1,0,0,1,0,1,0,0,0,1,1,0,1,1,0,1,1,0,0,0,0,0,1,1,1,1,1,1,1,0,0
1,0,1,1,0,0,0,1,1,0,1,1,1,0,0,0,0,1,0,1,1,0,0,1,1,0,0,1,1,0,0
0,0,0,0,1,0,1,1,0,1,0,0,1,0,1,0,1,1,0,1,1,1,0,0,1,1,0,1,1,0,0
0,1,1,1,1,1,1,1,0,0,0,0,1,0,0,0,0,0,1,0,1,0,0,0,1,1,0,1,1,1,0
1,0,0,1,1,0,1,0,1,0,0,0,1,1,1,0,1,1,0,1,1,1,0,0,1,1,0,1,1,1,0
1,0,1,1,0,1,1,1,1,1,1,0,1,0,1,1,1,0,0,0,0,1,1,0,0,0,0,1,1,1,0
0,0,0,1,1,0,0,0,1,1,1,0,1,1,1,0,1,0,0,0,0,0,1,0,1,0,0,1,1,1,0
1,1,1,1,0,0,0,0,1,0,0,1,1,1,1,0,0,0,0,1,1,1,1,0,0,1,0,1,1,0,0
0,1,0,1,1,1,0,0,0,1,0,0,1,0,0,0,0,1,1,1,0,0,0,1,0,0,1,1,0,1,0
0,1,1,0,0,0,0,0,0,0,0,0,0,1,1,0,1,0,1,0,0,1,1,0,0,1,0,1,1,1,0
0,1,1,0,1,0,1,0,0,0,0,0,1,0,1,1,1,0,1,1,0,1,1,0,0,0,0,1,1,1,0
0,1,1,0,0,0,1,1,1,0,0,1,1,0,1,1,0,1,0,0,0,0,1,1,0,1,1,0,0,0,0
1,1,1,0,0,0,1,1,1,1,1,1,1,1,1,0,1,1,0,1,0,1,1,1,1,1,1,0,1,0,1
0,1,1,0,0,0,0,1,1,0,0,1,1,1,0,1,1,0,0,1,1,0,1,1,0,1,0,0,1,1,0
0,1,1,0,1,0,0,1,1,1,0,1,0,0,0,1,1,0,0,0,0,1,1,0,1,0,0,1,1,1,0
1,0,1,0,1,1,0,1,1,1,0,1,1,0,0,0,1,0,0,0,1,1,0,1,0,0,1,1,1,1,0
0,0,0,1,0,1,0,0,1,1,0,0,1,1,0,0,0,1,1,0,1,1,1,0,1,1,0,1,0,1,0
0,1,1,0,0,0,1,0,0,0,0,1,0,0,0,1,1,0,0,1,0,1,0,1,0,0,1,0,1,1,0
0,1,1,0,1,1,0,0,0,1,1,0,1,1,1,0,1,0,1,0,1,0,1,1,0,0,0,1,1,1,0
0,0,0,1,1,0,0,1,1,0,0,0,0,1,1,1,1,0,0,0,1,0,0,1,1,1,0,1,1,0,0
0,1,0,1,0,1,1,1,1,0,0,0,0,1,1,1,0,0,0,1,0,0,1,1,0,1,0,1,0,1,0
1,0,1,0,1,1,1,0,0,1,1,1,1,0,0,0,0,1,0,0,1,0,0,1,0,0,0,0,1,1,0
1,1,1,1,0,0,1,0,0,1,0,1,0,0,1,1,1,1,0,0,1,0,1,0,1,1,0,0,0,0,0
1,1,0,0,1,1,1,1,0,1,1,0,1,0,0,1,1,0,0,0,1,1,0,1,0,1,0,1,1,0,0
1,1,1,0,1,1,0,0,0,0,0,1,1,0,1,0,0,1,1,1,1,0,0,1,1,1,0,1,1,1,0
1,0,0,1,0,0,1,1,0,0,0,0,0,0,1,0,0,1,1,1,0,1,0,1,0,0,1,1,0,0,0
0,1,0,0,1,1,1,1,0,1,1,0,0,1,0,0,0,0,1,1,1,0,0,0,0,1,0,0,0,1,0
1,0,0,0,0,0,1,0,0,1,1,0,1,0,0,1,0,1,0,1,1,1,1,0,1,1,0,1,0,0,0
0,0,1,1,1,0,0,1,0,1,1,1,1,1,1,0,1,0,1,0,0,0,1,0,1,1,1,1,1,1,1
1,0,0,1,0,0,0,0,1,1,1,1,0,1,0,1,1,0,0,0,0,0,1,0,0,1,0,0,0,0,0
0,0,0,0,0,0,1,0,0,0,0,0,1,0,0,1,0,1,0,0,0,1,0,1,1,0,0,1,0,1,0
0,0,0,1,0,0,1,0,0,0,0,0,1,0,0,1,1,1,0,0,1,1,1,1,0,0,0,0,1,1,0
1,0,1,1,0,1,0,0,1,1,1,1,0,1,0,1,0,0,1,0,1,1,0,1,1,0,1,0,1,1,0
1,1,0,1,1,0,0,1,0,1,0,0,0,0,1,0,0,1,0,0,0,0,0,1,0,1,0,0,0,1,0
1,1,1,1,0,1,0,1,1,0,1,1,1,1,1,0,1,0,1,1,1,0,1,0,1,1,1,0,1,0,1
1,1,0,0,1,0,1,1,1,0,0,0,0,1,0,0,1,1,0,1,0,0,0,1,1,0,1,0,0,0,0
1,1,0,0,0,0,0,0,1,0,0,1,1,0,1,1,0,1,0,1,1,1,1,1,0,1,1,1,0,1,0
0,1,0,1,0,1,1,0,0,1,0,0,1,1,1,0,1,1,0,1,0,0,1,1,0,1,1,1,1,1,0
0,0,0,1,0,1,0,0,1,1,1,1,1,0,1,0,1,1,1,1,1,0,1,0,1,1,0,1,0,1,0
1,1,1,1,0,0,1,1,0,1,1,1,0,1,0,1,1,0,1,1,0,1,0,0,1,0,1,1,1,1,1
0,0,1,1,0,0,0,0,0,1,1,1,0,0,0,0,0,1,1,0,0,0,1,0,0,1,0,0,0,0,0
1,1,1,0,1,0,0,0,0,1,0,0,0,1,0,1,1,1,0,1,1,0,1,0,0,0,1,0,0,1,0
0,0,1,0,0,1,0,0,0,1,0,1,1,0,0,0,0,0,0,1,1,0,1,0,1,1,0,0,1,0,0
0,0,1,1,1,0,0,0,0,1,1,1,0,0,0,1,1,0,1,1,0,0,1,1,1,0,0,1,1,1,0
0,1,1,0,1,0,1,0,0,0,0,1,0,1,1,1,0,1,1,1,1,0,1,1,1,0,1,0,1,0,0
1,1,1,0,1,1,1,0,1,0,1,1,0,1,1,1,1,1,0,1,1,1,1,0,0,0,0,1,0,0,0
0,0,1,0,1,1,0,1,0,1,1,0,1,1,1,0,1,0,0,1,0,0,0,0,1,0,1,1,1,1,0
0,1,1,0,1,0,0,1,0,1,0,1,1,0,0,1,0,0,0,1,1,0,1,0,1,1,0,0,0,1,0
0,1,0,1,0,1,1,1,1,0,0,1,0,1,1,1,1,1,0,0,1,1,0,1,1,1,1,1,1,1,1
0,1,0,0,0,1,1,1,0,1,0,0,0,0,1,1,0,0,1,1,0,1,0,1,0,1,1,0,1,0,0
1,0,1,1,1,0,0,0,0,0,0,1,1,1,1,1,0,0,1,0,1,0,1,1,1,0,1,1,0,1,0
1,1,1,0,0,1,0,0,1,0,1,1,0,1,1,1,0,0,1,1,1,1,0,1,1,0,0,0,0,1,0
0,0,1,1,0,0,1,1,1,0,0,1,0,0,0,0,0,0,0,1,1,0,1,0,1,1,0,1,1,1,0
1,0,0,1,0,0,0,1,0,1,0,1,0,0,1,0,1,1,0,0,1,0,0,1,0,0,0,1,1,0,0
0,1,0,1,0,1,1,0,1,0,0,0,0,1,1,0,0,1,0,1,1,1,1,1,1,1,1,1,1,0,0
1,0,1,1,1,0,0,0,0,0,1,0,1,1,0,0,1,0,0,1,0,0,1,1,0,0,0,0,1,0,0
1,0,0,1,1,0,0,1,1,0,0,1,1,0,1,0,0,0,0,1,1,1,0,0,1,0,0,1,0,1,0
0,0,0,0,0,1,0,0,0,0,1,1,1,0,1,0,1,0,0,0,0,1,1,1,0,0,0,0,1,0,0
0,0,1,0,1,0,1,0,0,0,1,1,1,0,1,0,1,0,1,1,1,0,1,1,0,0,1,1,1,0,0
1,0,0,0,0,1,1,0,1,1,0,0,0,1,0,1,0,0,0,1,0,0,1,0,0,0,1,0,0,0,0
1,0,0,0,1,0,1,0,0,0,0,0,1,0,1,1,1,1,1,1,1,1,1,1,0,0,1,1,0,0,0
0,0,1,0,1,1,0,1,1,1,1,1,1,0,0,0,1,1,1,1,0,1,0,0,1,1,0,1,1,0,0
0,0,0,0,0,1,0,1,1,0,1,0,0,0,1,0,0,1,1,1,1,0,0,0,0,1,0,0,1,0,0
1,0,1,0,0,0,0,1,0,1,0,0,0,0,1,0,1,0,1,0,0,1,1,1,1,0,1,1,0,0,0
0,0,0,1,1,1,0,0,0,0,0,0,1,1,1,1,0,1,1,0,0,0,1,0,0,0,1,1,0,0,0
1,0,0,1,0,1,0,0,1,1,0,1,0,0,0,1,1,0,1,0,1,1,0,1,0,1,0,1,1,1,0
0,1,0,0,1,1,0,1,1,1,0,0,1,1,1,0,1,0,1,0,1,1,0,0,1,1,0,1,0,0,0
0,0,1,1,1,0,0,1,1,1,0,1,0,1,0,1,0,1,0,0,0,0,0,1,1,1,1,0,0,1,0
1,1,0,0,0,0,1,1,0,0,0,0,1,1,0,0,1,0,0,1,0,1,0,1,1,0,1,0,0,1,0
1,0,1,0,1,1,0,1,1,0,0,0,1,0,1,0,1,0,1,1,0,0,1,1,0,0,0,0,1,1,0
1,1,1,0,1,0,1,1,0,0,1,0,1,1,0,1,0,0,1,1,0,0,0,1,0,0,0,0,0,1,0
0,1,0,1,1,1,1,0,0,0,0,0,0,0,1,0,0,0,0,0,0,1,1,1,1,0,1,0,0,1,0
0,1,1,0,1,0,1,0,0,0,0,1,0,1,1,0,0,0,1,0,0,0,0,1,1,1,0,0,0,1,0
1,0,1,0,1,0,0,0,0,1,0,0,1,0,0,0,0,0,0,0,0,1,1,0,1,0,0,1,1,1,0
1,0,0,1,0,0,0,0,0,1,1,0,1,1,0,0,1,1,0,1,1,1,0,0,1,1,1,0,1,1,0
0,0,0,1,0,1,0,1,1,1,0,0,1,1,0,1,0,1,1,0,1,0,0,1,0,1,1,0,0,0,0
0,0,0,0,0,0,1,0,1,0,1,0,0,1,0,1,0,0,1,0,1,1,1,0,0,0,1,1,1,0,0
0,1,0,0,0,0,0,0,0,1,0,1,1,1,1,0,0,1,1,1,1,1,0,0,1,0,1,1,1,0,0
0,1,1,1,1,1,0,1,0,1,0,0,1,0,0,0,0,1,0,0,1,0,0,1,1,0,1,0,1,0,0
0,0,1,1,0,0,1,0,1,1,0,0,0,1,1,0,1,0,1,0,0,0,0,0,1,0,1,0,1,0,0
1,1,1,1,0,1,1,0,1,1,0,1,1,1,0,1,1,1,0,0,0,1,1,1,0,1,1,1,1,1,1
0,1,0,1,0,1,0,0,1,0,1,1,0,1,0,0,1,0,0,0,1,0,1,1,1,1,0,1,0,0,0
0,0,1,0,0,1,0,1,1,1,1,0,1,1,0,1,0,1,1,0,0,1,1,1,0,0,1,1,1,1,0
1,1,0,1,0,1,1,0,0,1,0,0,1,1,0,0,0,1,0,0,1,0,1,1,1,1,0,1,0,0,0
0,0,0,0,1,0,0,0,1,0,0,0,1,1,1,0,0,0,1,1,1,1,1,1,0,1,1,1,0,0,0
0,0,0,1,0,0,1,0,0,1,0,0,1,0,1,1,0,0,1,0,1,1,1,1,1,0,0,0,0,0,0
1,0,0,1,1,1,1,1,0,0,0,1,1,0,1,0,1,0,1,1,1,1,0,0,0,1,1,1,1,1,1
0,0,0,0,0,1,0,0,1,0,0,1,1,1,1,0,0,0,1,0,1,0,1,1,0,1,0,1,0,0,0
1,1,1,0,0,1,1,0,1,0,1,0,1,1,0,1,1,0,1,0,1,1,1,1,0,0,1,1,1,1,1
0,0,0,1,1,1,1,0,0,0,1,1,0,1,0,1,1,1,0,1,0,1,0,1,1,0,0,0,1,1,0
0,1,1,0,1,1,1,1,0,1,1,1,0,1,1,1,1,0,1,0,1,1,1,1,1,1,1,0,0,1,1
1,0,1,0,1,1,0,1,1,1,0,0,0,1,1,1,1,1,0,0,1,1,1,0,1,0,0,0,1,1,0
1,1,0,1,1,1,1,1,0,1,0,0,0,1,0,1,0,0,1,1,0,0,0,1,0,1,0,0,1,1,0
0,0,0,1,0,1,0,1,0,0,0,1,0,1,0,1,0,1,1,1,1,0,0,1,0,1,1,0,0,1,0
0,1,0,1,1,0,1,1,1,0,0,1,0,0,1,0,0,0,1,0,1,0,1,1,0,1,0,0,0,1,0
1,0,0,0,1,0,0,1,1,1,1,1,0,1,0,1,1,0,0,1,0,1,0,0,0,0,1,1,1,0,0
0,0,0,1,1,0,1,1,1,0,0,1,1,0,1,1,0,1,1,1,0,0,1,1,1,0,0,1,1,0,0
1,1,1,0,1,0,0,1,1,1,1,0,1,0,0,1,0,0,1,1,0,1,0,0,0,1,0,1,0,0,0
0,0,1,1,0,1,0,1,0,1,1,0,0,0,1,1,1,1,0,0,1,1,0,0,1,0,0,0,1,0,0
0,1,0,1,1,1,0,0,1,1,1,1,1,1,1,0,1,0,1,1,1,0,1,1,0,1,0,1,0,1,1
0,1,1,0,0,1,1,0,1,0,1,1,1,1,0,0,0,0,0,1,1,1,0,1,0,0,1,1,0,0,0
0,0,1,1,0,0,0,0,1,1,0,0,0,0,1,1,1,1,1,0,0,1,0,0,0,0,0,1,1,0,0
1,0,0,1,1,1,0,0,0,0,1,0,1,0,0,0,0,1,1,0,1,1,0,0,0,0,0,0,0,0,0
1,1,1,0,1,1,1,1,0,0,1,0,1,1,0,0,1,1,0,1,0,1,0,0,1,0,1,1,1,1,1
1,1,1,0,1,1,1,1,0,0,1,1,1,0,1,1,0,0,0,1,1,1,0,1,0,0,1,0,1,0,0
0,0,0,0,0,1,0,0,1,1,0,0,1,0,0,0,1,0,1,1,0,0,0,1,0,0,0,0,0,1,0
0,1,0,0,1,0,1,0,1,1,1,0,0,0,0,1,1,0,1,1,1,1,1,0,0,0,0,0,0,1,0
0,0,0,1,1,0,1,1,1,1,0,0,0,0,1,0,1,1,1,0,0,1,1,0,0,0,0,0,1,0,0
1,0,1,1,1,1,1,1,0,0,0,0,0,1,0,1,0,1,1,1,0,0,1,0,0,0,0,1,0,0,0
0,1,0,0,1,0,1,1,1,0,1,1,1,1,1,0,1,1,1,1,1,1,0,1,0,0,1,0,1,0,1
0,0,0,0,0,0,0,1,1,1,1,1,1,0,1,0,0,1,0,1,0,1,0,0,0,0,1,0,0,1,0
1,1,0,0,1,0,1,0,1,0,0,1,0,1,1,1,1,0,1,0,1,1,0,0,0,1,0,0,1,1,0
1,1,0,0,0,1,1,1,1,1,0,1,1,0,0,1,1,1,1,0,1,0,1,0,1,1,1,0,0,0,0
0,1,1,0,1,1,0,0,0,0,1,1,1,0,0,1,1,1,0,1,1,0,1,0,0,0,0,1,0,1,0
1,0,1,0,0,0,1,0,1,1,1,0,0,1,0,0,0,0,1,1,0,0,1,1,1,1,1,0,1,1,0
1,1,0,1,0,1,0,0,1,1,0,1,0,1,1,1,1,0,0,0,0,0,1,0,1,1,1,0,1,1,0
1,1,1,0,1,1,1,1,0,1,1,1,0,1,1,1,0,1,0,0,1,1,0,1,0,1,1,1,0,1,1
1,1,0,1,0,1,1,0,1,1,1,0,0,0,0,1,0,1,1,1,1,0,1,1,1,0,0,1,1,1,0
1,0,1,1,1,0,1,0,0,0,0,0,1,0,1,0,0,0,1,0,1,1,0,1,0,0,0,0,1,1,0
1,0,0,1,0,0,1,0,0,1,1,0,0,0,1,0,1,1,0,1,1,0,0,0,1,0,1,0,0,0,0
0,1,1,1,1,1,1,1,1,0,1,1,1,0,1,1,0,0,0,0,0,0,1,0,1,1,1,0,1,0,0
1,1,1,0,1,0,0,0,1,0,1,1,1,1,0,0,0,0,1,1,1,1,1,1,0,1,1,0,0,0,0
0,1,0,1,1,0,0,1,0,1,1,1,0,0,0,1,0,1,1,1,0,1,1,0,0,0,1,1,0,1,0
0,0,0,0,1,0,1,0,1,0,1,0,1,1,1,1,0,1,1,1,0,0,0,0,0,0,0,1,0,0,0
0,1,0,1,0,1,1,0,1,0,0,0,0,0,0,1,0,1,1,1,0,0,1,0,1,1,1,1,1,1,0
1,1,0,0,1,0,1,1,1,0,0,0,0,0,0,0,0,0,0,1,0,1,0,0,1,0,0,1,1,1,0
1,0,0,1,1,1,0,1,0,1,1,1,1,1,0,0,1,1,1,1,1,1,1,0,1,0,1,0,1,1,1
1,1,0,1,0,0,1,0,1,1,1,1,1,0,0,0,0,0,0,1,1,1,0,1,1,1,0,0,1,0,0
0,0,1,1,1,1,1,1,1,1,0,0,1,1,0,0,0,0,0,0,1,1,1,0,0,0,0,1,1,1,0
1,1,1,1,1,0,1,0,1,1,0,1,1,1,1,0,1,1,0,1,0,1,0,0,1,1,1,0,0,0,0
0,0,0,0,0,0,1,0,0,0,1,0,1,1,0,0,0,1,0,0,0,1,0,1,0,1,0,0,0,1,0
1,1,1,1,1,1,0,1,0,1,0,0,1,0,0,1,1,1,1,1,1,0,0,1,0,0,1,1,1,1,1
1,1,0,0,1,0,0,0,0,1,1,0,0,0,1,1,1,1,0,0,1,0,1,1,0,1,1,0,1,1,0
0,1,0,1,1,0,1,1,0,0,0,1,0,0,1,1,1,0,0,0,0,0,0,1,1,0,1,0,1,0,0
1,0,1,0,0,1,1,1,0,1,1,1,1,1,1,1,1,1,0,1,0,0,0,0,1,1,0,0,1,1,0
1,1,0,0,1,1,0,1,0,1,1,0,1,1,0,1,0,1,1,1,0,1,1,1,1,1,0,0,0,0,0
0,1,0,0,1,1,0,0,0,0,1,1,1,0,0,1,1,1,0,0,1,0,1,0,0,0,1,0,1,1,0
1,1,0,0,0,0,0,1,1,1,0,0,0,1,1,1,1,1,1,0,0,1,0,1,1,1,1,0,0,1,0
0,1,0,0,1,1,1,0,1,1,1,1,1,1,0,1,0,0,0,1,1,0,1,1,0,0,1,1,1,1,1
1,1,0,0,1,0,1,0,0,0,1,1,0,0,1,0,0,1,1,0,1,1,0,1,0,1,1,1,1,0,0
0,0,0,1,0,1,0,0,0,0,0,0,1,0,0,0,1,0,1,0,0,0,1,0,0,0,1,0,0,0,0
1,0,0,0,1,0,0,0,0,1,1,1,0,1,0,1,0,1,1,1,1,1,0,1,1,0,1,1,1,1,0
1,1,1,0,1,1,1,0,1,0,0,0,1,1,1,1,1,0,1,1,1,1,1,0,0,0,1,1,1,1,1
1,1,1,1,0,1,0,1,0,1,0,1,1,0,1,1,1,0,1,0,0,1,0,0,1,0,1,0,1,0,0
1,1,1,1,1,1,1,1,1,0,0,0,1,1,0,0,0,1,1,1,1,0,1,0,1,1,1,1,0,1,1
1,0,1,0,1,1,0,0,0,0,0,1,1,1,0,0,0,1,0,0,0,0,0,0,1,0,0,0,0,1,0
0,0,0,0,1,1,1,0,1,0,1,0,1,1,1,1,1,1,1,0,0,1,1,0,0,1,0,0,1,0,0
1,1,0,0,1,0,1,1,0,1,1,1,1,1,0,0,0,1,1,1,0,1,0,1,1,0,0,0,0,0,0
0,0,0,1,0,1,0,1,0,0,1,1,0,0,0,1,0,0,1,1,1,0,0,1,0,1,1,1,1,0,0
0,0,0,0,1,0,0,1,0,0,1,0,1,1,1,1,0,1,1,1,1,1,0,0,0,1,1,1,1,1,0
1,0,0,1,1,1,1,1,0,0,0,1,1,1,0,0,1,1,0,0,1,1,1,0,0,0,1,1,1,1,0
1,0,0,1,0,1,0,1,0,1,1,1,1,1,0,0,0,1,1,1,1,0,1,0,1,0,1,1,1,0,0
0,1,1,0,0,1,0,1,0,1,1,0,1,1,0,1,0,0,1,1,0,1,1,1,0,1,0,0,0,1,0
1,1,1,1,1,0,1,0,0,0,0,0,0,1,1,1,0,1,0,0,0,1,1,1,1,0,0,1,1,0,0
0,1,0,0,1,1,1,0,0,0,1,1,1,1,1,1,0,1,0,0,1,0,1,1,1,0,0,0,1,0,0
1,1,1,0,1,1,0,0,1,1,1,0,0,1,0,0,0,0,1,0,1,0,0,0,1,0,1,0,0,0,0
1,1,0,1,1,1,1,1,0,0,1,1,1,1,1,0,0,1,0,1,1,1,0,1,0,0,1,0,1,1,0
1,0,1,0,0,0,0,1,0,1,0,1,1,0,1,0,1,1,1,0,0,1,1,1,1,1,1,0,0,0,0
1,0,0,0,1,0,1,1,0,0,1,1,1,0,0,0,0,1,1,1,1,0,1,0,0,0,0,1,1,0,0
0,0,0,0,0,1,0,1,1,1,1,0,1,0,0,1,1,1,0,1,1,0,0,1,0,0,0,1,1,1,0
1,1,0,0,0,0,0,0,1,0,1,0,0,0,1,0,1,1,1,1,1,1,1,1,0,1,1,1,0,1,0
0,1,1,0,0,0,1,0,0,1,0,0,0,0,0,1,0,0,1,1,1,1,0,1,1,1,1,0,0,0,0
1,0,1,1,1,1,0,1,1,0,1,1,0,1,0,0,1,1,1,1,1,1,1,1,0,0,0,1,1,0,1
0,0,0,0,0,1,1,1,0,0,1,0,0,1,1,1,0,0,0,0,0,0,0,0,1,0,0,0,0,1,0
1,0,1,0,0,1,0,0,0,0,1,1,1,0,0,0,1,0,1,1,1,1,1,0,1,0,0,0,1,0,0
0,1,0,1,1,1,1,1,1,0,0,0,0,1,1,1,0,1,1,0,0,0,1,1,0,0,0,0,0,0,0
1,0,0,1,0,1,1,0,0,0,1,1,0,0,1,0,1,0,0,1,0,1,1,1,1,1,0,0,1,0,0
0,0,1,0,0,0,1,1,0,1,0,1,1,0,0,0,1,0,0,0,1,0,0,1,0,0,1,1,0,1,0
1,0,1,1,1,1,0,1,0,1,0,0,1,0,1,1,0,0,0,0,1,0,1,0,0,0,1,1,0,1,0
1,0,0,0,1,1,0,1,0,1,0,0,1,1,0,0,1,1,1,1,1,0,1,0,0,1,1,0,1,1,0
1,1,1,0,1,0,0,0,1,1,0,1,0,1,1,1,1,0,0,1,1,1,0,0,0,0,0,1,1,0,0
0,0,1,1,1,0,1,1,1,1,1,0,1,0,0,1,1,0,0,1,0,1,1,1,1,1,1,1,1,1,1
1,0,1,0,0,1,1,1,0,0,1,1,0,0,0,1,0,0,1,1,1,0,1,0,0,1,0,0,1,1,0
0,1,1,1,0,1,0,1,1,0,0,0,1,1,0,1,0,1,1,0,0,0,0,1,1,0,0,1,1,1,0
0,1,1,0,1,0,1,0,0,0,1,1,0,1,1,0,1,1,1,0,0,0,1,0,0,1,1,1,0,0,0
1,1,0,0,0,1,0,1,1,0,1,1,1,1,1,1,1,0,0,1,0,0,1,0,1,1,1,0,1,0,0
0,1,0,1,1,1,0,0,1,0,1,1,0,1,1,0,0,0,0,1,1,0,1,0,0,0,1,0,1,1,0
0,0,1,0,1,0,0,1,1,1,1,1,1,1,0,1,1,1,1,1,1,1,0,1,0,1,1,1,1,0,1
0,1,1,1,0,1,1,1,0,0,0,0,1,0,0,0,1,0,1,0,1,0,0,1,0,1,0,0,1,0,0
0,1,1,0,1,0,1,0,1,1,1,1,0,1,0,0,1,0,0,1,0,1,1,0,0,1,1,1,0,1,0
0,1,0,1,0,1,1,0,1,0,0,1,1,1,1,0,0,0,0,1,0,0,1,1,0,1,0,0,0,1,0
1,0,0,0,0,0,0,0,1,1,1,1,1,1,1,0,1,1,1,0,1,0,0,1,1,1,0,1,1,0,0
1,1,1,1,0,1,1,1,1,1,0,0,1,0,1,0,1,1,0,1,1,0,0,0,1,0,0,0,1,1,0
1,0,1,1,1,1,1,1,1,0,0,0,0,1,0,0,0,0,1,1,1,0,1,1,1,1,0,1,0,0,0
0,0,0,1,1,0,0,0,1,0,1,1,1,0,1,0,0,1,1,1,1,0,1,0,1,0,0,1,1,1,0
0,1,0,0,1,0,1,1,0,1,0,1,0,1,0,1,1,1,1,1,1,0,0,1,0,1,0,1,0,0,0
0,1,0,0,1,1,1,0,1,1,1,1,0,1,1,1,0,0,0,1,1,0,1,1,1,1,0,1,1,1,1
0,1,0,1,1,1,0,1,1,1,1,1,0,1,1,1,1,1,1,1,0,1,0,1,1,0,0,0,0,1,1
1,1,0,0,0,0,0,1,0,0,0,0,0,1,1,1,1,1,0,1,1,0,1,1,1,0,0,1,1,1,0
0,1,1,0,0,1,0,1,1,1,0,0,1,1,1,0,1,1,1,0,0,0,0,0,1,0,1,0,1,1,0
1,0,1,0,1,0,1,0,1,1,1,0,0,0,1,0,1,0,0,1,1,0,1,1,0,0,1,1,1,1,0
0,1,1,1,0,1,1,1,1,1,1,0,1,0,1,0,0,0,1,0,1,0,1,1,0,1,1,1,1,1,1
1,1,1,1,1,1,0,1,0,0,0,1,0,0,0,0,1,1,0,0,0,0,1,1,0,0,1,1,1,0,0
0,0,0,1,0,1,0,0,1,1,1,1,0,0,1,0,0,0,1,0,1,1,1,1,1,1,1,0,0,1,0
0,1,1,0,1,1,1,0,1,1,0,1,0,0,0,0,0,1,1,0,0,0,0,0,1,1,0,0,1,1,0
0,0,0,1,0,1,0,1,1,0,0,1,1,1,1,0,1,1,0,1,0,0,1,0,1,0,0,1,1,1,0
0,0,1,0,1,1,0,1,1,1,0,1,0,0,1,1,1,1,0,1,0,0,1,0,1,0,1,0,1,1,0
0,1,1,1,1,0,1,1,1,1,1,1,0,1,1,1,0,1,1,0,0,1,0,1,1,0,0,1,1,1,1
0,0,1,0,1,0,1,1,1,1,1,0,0,0,0,0,1,0,1,1,0,0,0,0,0,1,1,1,1,1,0
0,1,1,0,1,1,1,1,0,1,0,1,0,1,0,1,1,1,1,1,0,0,0,0,1,1,1,0,0,1,0
1,1,1,0,1,0,0,1,1,0,1,1,1,0,1,0,1,0,0,0,0,0,0,1,1,0,1,1,0,0,0
0,1,0,1,1,0,0,1,1,0,1,0,0,0,0,0,0,0,1,0,1,0,1,0,1,1,0,1,0,0,0
0,0,0,1,0,1,0,1,1,0,1,1,0,1,1,1,1,0,1,0,0,1,0,0,0,0,1,0,0,0,0
0,0,0,1,1,1,0,0,0,0,1,1,1,1,0,1,1,0,0,0,1,1,1,1,1,1,1,1,1,1,0
0,1,1,1,1,0,1,0,0,0,0,1,0,1,0,1,1,1,0,1,0,0,0,0,0,0,1,0,1,0,0
1,1,0,1,0,1,0,1,1,1,1,1,1,1,1,1,0,1,0,1,0,1,0,0,1,1,1,0,1,0,0
0,1,1,0,0,1,1,0,1,1,0,0,0,0,0,0,1,1,1,1,1,1,1,1,1,0,0,1,1,1,0
1,1,0,0,0,1,0,1,0,1,0,1,0,1,0,0,0,1,1,1,0,0,0,1,0,1,0,0,1,0,0
0,1,0,0,0,0,0,0,0,1,0,0,0,0,0,1,0,1,0,1,0,0,0,0,0,1,1,0,0,1,0
1,1,1,1,0,0,0,0,0,1,1,0,1,0,1,0,1,0,0,1,1,0,1,1,1,0,1,1,1,1,0
0,1,1,0,1,1,0,1,0,1,1,0,0,0,0,0,0,1,0,1,1,1,1,0,0,1,0,0,1,1,0
0,0,0,0,0,1,0,1,1,0,0,1,0,1,1,1,0,1,1,0,1,0,1,1,0,1,1,1,1,1,0
0,0,0,0,1,0,0,0,1,0,1,0,0,1,1,1,1,1,1,0,0,1,0,1,0,1,0,1,0,1,0
1,1,1,0,1,0,1,0,1,0,0,0,0,0,0,0,0,1,0,0,1,1,0,0,0,0,1,0,0,0,0
0,1,1,1,1,0,0,0,0,1,0,0,0,1,1,0,0,0,1,1,0,1,0,0,1,0,0,0,1,1,0
1,0,1,0,0,1,0,0,1,1,1,1,0,1,0,0,1,0,0,0,0,1,0,1,0,1,1,0,0,0,0
0,0,1,0,1,1,0,1,1,0,1,1,0,0,0,1,1,0,0,1,0,1,1,1,1,1,1,1,1,0,0
0,0,1,0,0,1,0,1,0,0,1,0,1,1,0,1,1,1,1,1,0,0,1,0,1,0,1,1,0,1,0
0,1,0,0,0,1,0,0,0,1,0,0,0,0,0,1,1,0,0,1,0,0,0,0,1,1,1,1,0,0,0
0,1,0,1,1,0,0,0,1,0,0,1,1,0,0,1,0,0,0,0,0,1,1,0,1,0,1,1,1,0,0
1,1,0,1,0,0,1,0,0,0,1,0,1,0,0,1,0,1,0,0,0,1,0,1,1,0,0,0,0,0,0
